date,season,home_team,away_team,home_pts,away_pts,home_diff,arena,lat,lon,capacity,elev_m,home_elev_m,away_elev_m,delta_elev,home_capacity,away_capacity,home_rest_days,away_rest_days,home_b2b,away_b2b,rest_delta,elo_home_pre,elo_away_pre,elo_delta_pre,elo_exp_home_win,expected_margin_neutral,residual_margin
2021-10-19,2021,Los Angeles Lakers,Golden State Warriors,114,121,-7,Crypto.com Arena,34.043055555556,-118.26722222222,19060.0,88.0,88.0,-1.0,89.0,19060.0,18000.0,,,False,False,0.0,1500.0,1500.0,0.0,0.5,1.34,-8.34
2021-10-19,2021,Los Angeles Lakers,Golden State Warriors,114,121,-7,Crypto.com Arena,34.043055555556,-118.26722222222,19060.0,88.0,88.0,-1.0,89.0,19060.0,18000.0,,0.0,False,True,3.0,1491.5872354069309,1508.4127645930691,-16.825529186138283,0.47580502852171175,0.8,-7.8
2021-10-19,2021,Los Angeles Lakers,Golden State Warriors,114,121,-7,Crypto.com Arena,34.043055555556,-118.26722222222,19060.0,88.0,88.0,-1.0,89.0,19060.0,18000.0,0.0,,True,False,-3.0,1483.6878925121691,1516.3121074878309,-32.624214975661744,0.4531874851440466,0.29,-7.29
2021-10-19,2021,Los Angeles Lakers,Golden State Warriors,114,121,-7,Crypto.com Arena,34.043055555556,-118.26722222222,19060.0,88.0,88.0,-1.0,89.0,19060.0,18000.0,0.0,0.0,True,True,0.0,1476.2567221340348,1523.7432778659652,-47.486555731930366,0.4320837345667034,-0.19,-6.81
2021-10-19,2021,Los Angeles Lakers,Golden State Warriors,114,121,-7,Crypto.com Arena,34.043055555556,-118.26722222222,19060.0,88.0,88.0,-1.0,89.0,19060.0,18000.0,,,False,False,0.0,1469.252759882277,1530.747240117723,-61.49448023544619,0.4124150263508299,-0.64,-6.36
2021-10-19,2021,Los Angeles Lakers,Golden State Warriors,114,121,-7,Crypto.com Arena,34.043055555556,-118.26722222222,19060.0,88.0,88.0,-1.0,89.0,19060.0,18000.0,,0.0,False,True,3.0,1462.6390253534225,1537.3609746465775,-74.72194929315492,0.394094306263974,-1.07,-5.93
2021-10-19,2021,Los Angeles Lakers,Golden State Warriors,114,121,-7,Crypto.com Arena,34.043055555556,-118.26722222222,19060.0,88.0,88.0,-1.0,89.0,19060.0,18000.0,0.0,,True,False,-3.0,1456.3821979719544,1543.6178020280456,-87.23560405609123,0.37703119787140316,-1.47,-5.53
2021-10-19,2021,Los Angeles Lakers,Golden State Warriors,114,121,-7,Crypto.com Arena,34.043055555556,-118.26722222222,19060.0,88.0,88.0,-1.0,89.0,19060.0,18000.0,0.0,0.0,True,True,0.0,1450.45228797271,1549.54771202729,-99.09542405457978,0.36113550740946765,-1.85,-5.15
2021-10-19,2021,Milwaukee Bucks,Brooklyn Nets,127,104,23,Fiserv Forum,43.0451,-87.9182,17341.0,183.0,183.0,14.0,169.0,17341.0,17732.0,,,False,False,0.0,1500.0,1500.0,0.0,0.5,1.34,21.66
2021-10-20,2021,Phoenix Suns,Denver Nuggets,98,110,-12,Mortgage Matchup Center,33.445833333333,-112.07138888889,19023.0,331.0,331.0,1603.0,-1272.0,19023.0,19155.0,,,False,False,0.0,1500.0,1500.0,0.0,0.5,1.34,-13.34
2021-10-20,2021,Portland Trail Blazers,Sacramento Kings,121,124,-3,Moda Center,45.531666666667,-122.66666666667,20636.0,33.0,33.0,12.0,21.0,20636.0,18500.0,,,False,False,0.0,1500.0,1500.0,0.0,0.5,1.34,-4.34
2021-10-20,2021,Utah Jazz,Oklahoma City Thunder,107,86,21,Delta Center,40.768333,-111.901111,19911.0,1318.0,1318.0,366.0,952.0,19911.0,18203.0,,,False,False,0.0,1500.0,1500.0,0.0,0.5,1.34,19.66
2021-10-20,2021,San Antonio Spurs,Orlando Magic,123,97,26,Frost Bank Center,29.426944444444,-98.4375,18581.0,197.0,197.0,33.0,164.0,18581.0,18846.0,,,False,False,0.0,1500.0,1500.0,0.0,0.5,1.34,24.66
2021-10-20,2021,New Orleans Pelicans,Philadelphia 76ers,97,117,-20,Smoothie King Center,29.948888888889,-90.081944444444,18500.0,6.0,6.0,19.0,-13.0,18500.0,20328.0,,,False,False,0.0,1500.0,1500.0,0.0,0.5,1.34,-21.34
2021-10-20,2021,Toronto Raptors,Washington Wizards,83,98,-15,Scotiabank Arena,43.643333333333,-79.379166666667,19800.0,79.0,79.0,19.0,60.0,19800.0,20674.0,,,False,False,0.0,1500.0,1500.0,0.0,0.5,1.34,-16.34
2021-10-20,2021,Memphis Grizzlies,Cleveland Cavaliers,132,121,11,FedExForum,35.138333333333,-90.050555555556,18119.0,75.0,75.0,208.0,-133.0,18119.0,20562.0,,,False,False,0.0,1500.0,1500.0,0.0,0.5,1.34,9.66
2021-10-20,2021,New York Knicks,Boston Celtics,138,134,4,Madison Square Garden,40.750555555556,-73.993611111111,20789.0,22.0,22.0,9.0,13.0,20789.0,18624.0,,,False,False,0.0,1500.0,1500.0,0.0,0.5,1.34,2.66
2021-10-20,2021,Detroit Pistons,Chicago Bulls,88,94,-6,Little Caesars Arena,42.3412,-83.0549,20332.0,184.0,184.0,196.0,-12.0,20332.0,23500.0,,,False,False,0.0,1500.0,1500.0,0.0,0.5,1.34,-7.34
2021-10-20,2021,Charlotte Hornets,Indiana Pacers,123,122,1,Spectrum Center,35.225,-80.839166666667,19077.0,223.0,223.0,224.0,-1.0,19077.0,18165.0,,,False,False,0.0,1500.0,1500.0,0.0,0.5,1.34,-0.34
2021-10-20,2021,Minnesota Timberwolves,Houston Rockets,124,106,18,Target Center,44.979444444444,-93.276111111111,19356.0,272.0,272.0,23.0,249.0,19356.0,18023.0,,,False,False,0.0,1500.0,1500.0,0.0,0.5,1.34,16.66
2021-10-21,2021,Golden State Warriors,LA Clippers,115,113,2,Chase Center,37.767833333333,-122.38738888889,18000.0,-1.0,-1.0,88.0,-89.0,18000.0,19060.0,0.0,0.0,True,True,0.0,1555.1776844441106,1500.0,55.17768444411058,0.5787461383336134,3.12,-1.12
2021-10-21,2021,Atlanta Hawks,Dallas Mavericks,113,87,26,State Farm Arena,33.757222222222,-84.396388888889,19445.0,331.0,331.0,134.0,197.0,19445.0,19200.0,,,False,False,0.0,1500.0,1500.0,0.0,0.5,1.34,24.66
2021-10-21,2021,Miami Heat,Milwaukee Bucks,137,95,42,Kaseya Center,25.781388888889,-80.188055555556,16500.0,12.0,12.0,183.0,-171.0,16500.0,17341.0,,2.0,False,False,1.0,1500.0,1518.06830508214,-18.068305082139887,0.4740210345641082,0.76,41.24
2021-10-21,2021,Golden State Warriors,LA Clippers,115,113,2,Chase Center,37.767833333333,-122.38738888889,18000.0,-1.0,-1.0,88.0,-89.0,18000.0,19060.0,2.0,0.0,False,True,2.0,1559.0764669090122,1496.1012175350984,62.97524937391381,0.5896490296388973,3.37,-1.37
2021-10-21,2021,Golden State Warriors,LA Clippers,115,113,2,Chase Center,37.767833333333,-122.38738888889,18000.0,-1.0,-1.0,88.0,-89.0,18000.0,19060.0,0.0,,True,False,-3.0,1562.851786086201,1492.3258983579096,70.52588772829131,0.6001234823497026,3.61,-1.61
2021-10-21,2021,Golden State Warriors,LA Clippers,115,113,2,Chase Center,37.767833333333,-122.38738888889,18000.0,-1.0,-1.0,88.0,-89.0,18000.0,19060.0,0.0,0.0,True,True,0.0,1566.5097021062315,1488.667982337879,77.8417197683525,0.6101857222852022,3.85,-1.85
2021-10-21,2021,Golden State Warriors,LA Clippers,115,113,2,Chase Center,37.767833333333,-122.38738888889,18000.0,-1.0,-1.0,88.0,-89.0,18000.0,19060.0,0.0,,True,False,-3.0,1570.0559262393833,1485.1217582047273,84.93416803465607,0.6198520668543958,4.08,-2.08
2021-10-21,2021,Golden State Warriors,LA Clippers,115,113,2,Chase Center,37.767833333333,-122.38738888889,18000.0,-1.0,-1.0,88.0,-89.0,18000.0,19060.0,2.0,0.0,False,True,2.0,1573.4958398287638,1481.6818446153468,91.813995213417,0.6291387557384838,4.3,-2.3
2021-10-21,2021,Golden State Warriors,LA Clippers,115,113,2,Chase Center,37.767833333333,-122.38738888889,18000.0,-1.0,-1.0,88.0,-89.0,18000.0,19060.0,2.0,,False,False,-1.0,1576.8345128098401,1478.3431716342704,98.49134117556969,0.6380618161915754,4.52,-2.52
2021-10-21,2021,Golden State Warriors,LA Clippers,115,113,2,Chase Center,37.767833333333,-122.38738888889,18000.0,-1.0,-1.0,88.0,-89.0,18000.0,19060.0,2.0,,False,False,-1.0,1580.076721678408,1475.1009627657027,104.97575891270526,0.6466369577564144,4.72,-2.72
2021-10-22,2021,Sacramento Kings,Utah Jazz,101,110,-9,Golden 1 Center,38.58,-121.5,18500.0,12.0,12.0,1318.0,-1306.0,18500.0,19911.0,2.0,2.0,False,False,0.0,1505.5906169501727,1516.947581456781,-11.356964506608392,0.48366183298084486,0.97,-9.97
2021-10-22,2021,Chicago Bulls,New Orleans Pelicans,128,112,16,United Center,41.880555555556,-87.674166666667,23500.0,196.0,196.0,6.0,190.0,23500.0,18500.0,2.0,2.0,False,False,0.0,1507.732728179727,1483.6197319101107,24.11299626961636,0.5346457823066002,2.12,13.88
2021-10-22,2021,Los Angeles Lakers,Phoenix Suns,105,115,-10,Crypto.com Arena,34.043055555556,-118.26722222222,19060.0,88.0,88.0,331.0,-243.0,19060.0,19023.0,0.0,0.0,True,True,0.0,1444.8223155558894,1488.3637848169462,-43.54146926105682,0.4376647871212809,-0.06,-9.94
2021-10-22,2021,Los Angeles Lakers,Phoenix Suns,105,115,-10,Crypto.com Arena,34.043055555556,-118.26722222222,19060.0,88.0,88.0,331.0,-243.0,19060.0,19023.0,0.0,2.0,True,False,-2.0,1436.0443337320853,1497.1417666407503,-61.09743290866504,0.4129690010027071,-0.63,-9.37
2021-10-22,2021,Los Angeles Lakers,Phoenix Suns,105,115,-10,Crypto.com Arena,34.043055555556,-118.26722222222,19060.0,88.0,88.0,331.0,-243.0,19060.0,19023.0,3.0,0.0,False,True,3.0,1427.8725678986718,1505.3135324741638,-77.44096457549199,0.3903631418513238,-1.16,-8.84
2021-10-22,2021,Los Angeles Lakers,Phoenix Suns,105,115,-10,Crypto.com Arena,34.043055555556,-118.26722222222,19060.0,88.0,88.0,331.0,-243.0,19060.0,19023.0,3.0,2.0,False,False,1.0,1420.2432270805145,1512.942873292321,-92.69964621180657,0.3696724972765738,-1.65,-8.35
2021-10-22,2021,Los Angeles Lakers,Phoenix Suns,105,115,-10,Crypto.com Arena,34.043055555556,-118.26722222222,19060.0,88.0,88.0,331.0,-243.0,19060.0,19023.0,0.0,0.0,True,True,0.0,1413.1003743840388,1520.0857259887969,-106.98535160475808,0.35072425439362165,-2.11,-7.89
2021-10-22,2021,Los Angeles Lakers,Phoenix Suns,105,115,-10,Crypto.com Arena,34.043055555556,-118.26722222222,19060.0,88.0,88.0,331.0,-243.0,19060.0,19023.0,3.0,0.0,False,True,3.0,1406.3949839862662,1526.7911163865695,-120.39613240030326,0.3333536294783216,-2.54,-7.46
2021-10-22,2021,Los Angeles Lakers,Phoenix Suns,105,115,-10,Crypto.com Arena,34.043055555556,-118.26722222222,19060.0,88.0,88.0,331.0,-243.0,19060.0,19023.0,0.0,2.0,True,False,-2.0,1400.0840666609356,1533.1020337119,-133.01796705096444,0.31740720569535014,-2.95,-7.05
2021-10-22,2021,Orlando Magic,New York Knicks,96,121,-25,Kia Center,28.539167,-81.383611,18846.0,33.0,33.0,22.0,11.0,18846.0,20789.0,2.0,2.0,False,False,0.0,1480.2822600335885,1506.3243685250711,-26.042108491482622,0.4625924224880888,0.5,-25.5
2021-10-22,2021,Denver Nuggets,San Antonio Spurs,102,96,6,Ball Arena,39.748611111111,-105.0075,19155.0,1603.0,1603.0,197.0,1406.0,19155.0,18581.0,2.0,2.0,False,False,0.0,1511.6362151830538,1519.7177399664115,-8.081524783357736,0.48837184800530387,1.08,4.92
2021-10-22,2021,Houston Rockets,Oklahoma City Thunder,124,91,33,Toyota Center,29.750833333333,-95.362222222222,18023.0,23.0,23.0,366.0,-343.0,18023.0,18203.0,2.0,2.0,False,False,0.0,1484.7694995991114,1483.052418543219,1.7170810558925496,0.5024710581582993,1.4,31.6
2021-10-22,2021,Cleveland Cavaliers,Charlotte Hornets,112,123,-11,Rocket Arena,41.496388888889,-81.688055555556,20562.0,208.0,208.0,223.0,-15.0,20562.0,19077.0,2.0,2.0,False,False,0.0,1488.988634836014,1504.0419108440278,-15.053276008013881,0.4783501398492716,0.86,-11.86
2021-10-22,2021,Boston Celtics,Toronto Raptors,83,115,-32,TD Garden,42.366302777778,-71.062227777778,18624.0,9.0,9.0,79.0,-70.0,18624.0,19800.0,2.0,2.0,False,False,0.0,1493.6756314749289,1486.5365382546456,7.139093220283257,0.5102725353049506,1.57,-33.57
2021-10-22,2021,Washington Wizards,Indiana Pacers,135,134,1,Capital One Arena,38.898055555556,-77.020833333333,20674.0,19.0,19.0,224.0,-205.0,20674.0,18165.0,2.0,2.0,False,False,0.0,1513.4634617453544,1495.9580891559722,17.505372589382205,0.5251709601772234,1.9,-0.9
2021-10-22,2021,Philadelphia 76ers,Brooklyn Nets,109,114,-5,Xfinity Mobile Arena,39.90115,-75.17197,20328.0,19.0,19.0,14.0,5.0,20328.0,17732.0,2.0,3.0,False,False,-1.0,1516.3802680898893,1481.93169491786,34.44857317202923,0.5494136607960994,2.45,-7.45
2021-10-22,2021,Los Angeles Lakers,Phoenix Suns,105,115,-10,Crypto.com Arena,34.043055555556,-118.26722222222,19060.0,88.0,88.0,331.0,-243.0,19060.0,19023.0,3.0,2.0,False,False,1.0,1394.1298808048207,1539.056219568015,-144.92633876319428,0.30274442212853236,-3.33,-6.67
2021-10-23,2021,Minnesota Timberwolves,New Orleans Pelicans,96,89,7,Target Center,44.979444444444,-93.276111111111,19356.0,272.0,272.0,6.0,266.0,19356.0,18500.0,3.0,1.0,False,True,2.0,1515.2305004008886,1470.7829153579362,44.44758504295237,0.563618530356523,2.77,4.23
2021-10-23,2021,San Antonio Spurs,Milwaukee Bucks,111,121,-10,Frost Bank Center,29.426944444444,-98.4375,18581.0,197.0,197.0,183.0,14.0,18581.0,17341.0,1.0,2.0,True,False,-1.0,1511.8560049545404,1489.0097185736777,22.846286380862693,0.5328311423792668,2.08,-12.08
2021-10-23,2021,Portland Trail Blazers,Phoenix Suns,134,105,29,Moda Center,45.531666666667,-122.66666666667,20636.0,33.0,33.0,331.0,-298.0,20636.0,19023.0,3.0,1.0,False,True,2.0,1494.4093830498273,1544.686866589487,-50.27748353965967,0.428145753903688,-0.28,29.28
2021-10-23,2021,Toronto Raptors,Dallas Mavericks,95,103,-8,Scotiabank Arena,43.643333333333,-79.379166666667,19800.0,79.0,79.0,134.0,-55.0,19800.0,19200.0,1.0,2.0,True,False,-1.0,1509.7934498802997,1480.2822600335885,29.511189846711204,0.542368172353208,2.29,-10.29
2021-10-23,2021,Cleveland Cavaliers,Atlanta Hawks,101,95,6,Rocket Arena,41.496388888889,-81.688055555556,20562.0,208.0,208.0,331.0,-123.0,20562.0,19445.0,1.0,2.0,True,False,-1.0,1478.5794130150455,1519.7177399664115,-41.138326951366025,0.44107231802773283,0.01,5.99
2021-10-23,2021,Chicago Bulls,Detroit Pistons,97,82,15,United Center,41.880555555556,-87.674166666667,23500.0,196.0,196.0,184.0,12.0,23500.0,20332.0,1.0,3.0,True,False,-2.0,1520.5695447319015,1492.267271820273,28.302272911628506,0.5406403905693394,2.25,12.75
2021-10-23,2021,Indiana Pacers,Miami Heat,102,91,11,Gainbridge Fieldhouse,39.763888888889,-86.155555555556,18165.0,224.0,224.0,12.0,212.0,18165.0,16500.0,1.0,2.0,True,False,-1.0,1492.1726680314878,1529.0585865084622,-36.88591847697444,0.44711543903564255,0.15,10.85
2021-10-23,2021,LA Clippers,Memphis Grizzlies,114,120,-6,Crypto.com Arena,34.043056,-118.267222,19060.0,88.0,88.0,75.0,13.0,19060.0,18119.0,2.0,0.0,False,True,2.0,1471.9507176385753,1511.011365163986,-39.060647525410786,0.44402285232672767,0.08,-6.08
2021-10-23,2021,LA Clippers,Memphis Grizzlies,114,120,-6,Crypto.com Arena,34.043056,-118.267222,19060.0,88.0,88.0,75.0,13.0,19060.0,18119.0,0.0,3.0,True,False,-3.0,1465.2917834192642,1517.670299383297,-52.378515964032886,0.425187176759301,-0.35,-5.65
2021-10-23,2021,LA Clippers,Memphis Grizzlies,114,120,-6,Crypto.com Arena,34.043056,-118.267222,19060.0,88.0,88.0,75.0,13.0,19060.0,18119.0,2.0,0.0,False,True,2.0,1458.9805290045838,1523.9815537979775,-65.00102479339375,0.4075323450582543,-0.75,-5.25
2021-10-23,2021,LA Clippers,Memphis Grizzlies,114,120,-6,Crypto.com Arena,34.043056,-118.267222,19060.0,88.0,88.0,75.0,13.0,19060.0,18119.0,2.0,3.0,False,False,-1.0,1452.9893989800323,1529.972683822529,-76.98328484249669,0.39099030800545387,-1.14,-4.86
2021-10-23,2021,LA Clippers,Memphis Grizzlies,114,120,-6,Crypto.com Arena,34.043056,-118.267222,19060.0,88.0,88.0,75.0,13.0,19060.0,18119.0,0.0,0.0,True,True,0.0,1447.2933555421664,1535.668727260395,-88.37537171822851,0.375491399666188,-1.51,-4.49
2021-10-23,2021,LA Clippers,Memphis Grizzlies,114,120,-6,Crypto.com Arena,34.043056,-118.267222,19060.0,88.0,88.0,75.0,13.0,19060.0,18119.0,0.0,3.0,True,False,-3.0,1441.8696661408212,1541.0924166617401,-99.22275052091891,0.3609664208427381,-1.86,-4.14
2021-10-23,2021,LA Clippers,Memphis Grizzlies,114,120,-6,Crypto.com Arena,34.043056,-118.267222,19060.0,88.0,88.0,75.0,13.0,19060.0,18119.0,0.0,0.0,True,True,0.0,1436.6976972918892,1546.2643855106721,-109.56668821878293,0.3473480783387439,-2.19,-3.81
2021-10-23,2021,LA Clippers,Memphis Grizzlies,114,120,-6,Crypto.com Arena,34.043056,-118.267222,19060.0,88.0,88.0,75.0,13.0,19060.0,18119.0,2.0,3.0,False,False,-1.0,1431.7587187614154,1551.203364041146,-119.4446452797306,0.33457193108610733,-2.51,-3.49
2021-10-24,2021,Brooklyn Nets,Charlotte Hornets,95,111,-16,Barclays Center,40.68265,-73.974689,17732.0,14.0,14.0,223.0,-209.0,17732.0,19077.0,2.0,2.0,False,False,0.0,1489.4571621297478,1514.4511326649963,-24.993970535248536,0.46409270539072367,0.54,-16.54
2021-10-24,2021,Sacramento Kings,Golden State Warriors,107,119,-12,Golden 1 Center,38.58,-121.5,18500.0,12.0,12.0,-1.0,13.0,18500.0,18000.0,2.0,3.0,False,False,-1.0,1496.2596306869668,1583.2269668055353,-86.96733611856848,0.37739398381077977,-1.46,-10.54
2021-10-24,2021,Los Angeles Lakers,Memphis Grizzlies,121,118,3,Crypto.com Arena,34.043055555556,-118.26722222222,19060.0,88.0,88.0,75.0,13.0,19060.0,18119.0,0.0,0.0,True,True,0.0,1388.4992337833487,1555.9263621713967,-167.427128388048,0.27612041054586556,-4.06,7.06
2021-10-24,2021,Los Angeles Lakers,Memphis Grizzlies,121,118,3,Crypto.com Arena,34.043055555556,-118.26722222222,19060.0,88.0,88.0,75.0,13.0,19060.0,18119.0,0.0,1.0,True,True,-1.0,1395.637049586424,1548.7885463683215,-153.15149678189755,0.29284407548769137,-3.6,6.6
2021-10-24,2021,Los Angeles Lakers,Memphis Grizzlies,121,118,3,Crypto.com Arena,34.043055555556,-118.26722222222,19060.0,88.0,88.0,75.0,13.0,19060.0,18119.0,2.0,0.0,False,True,2.0,1402.6809039155194,1541.744692039226,-139.06378812370667,0.30991525627874744,-3.14,6.14
2021-10-24,2021,Los Angeles Lakers,Memphis Grizzlies,121,118,3,Crypto.com Arena,34.043055555556,-118.26722222222,19060.0,88.0,88.0,75.0,13.0,19060.0,18119.0,2.0,1.0,False,True,1.0,1409.6244285727182,1534.8011673820272,-125.17673880930897,0.3272663255187492,-2.69,5.69
2021-10-24,2021,Los Angeles Lakers,Memphis Grizzlies,121,118,3,Crypto.com Arena,34.043055555556,-118.26722222222,19060.0,88.0,88.0,75.0,13.0,19060.0,18119.0,0.0,0.0,True,True,0.0,1416.4617247859367,1527.9638711688087,-111.50214638287207,0.3448266680459838,-2.25,5.25
2021-10-24,2021,Los Angeles Lakers,Memphis Grizzlies,121,118,3,Crypto.com Arena,34.043055555556,-118.26722222222,19060.0,88.0,88.0,75.0,13.0,19060.0,18119.0,0.0,1.0,True,True,-1.0,1423.187426880227,1521.2381690745185,-98.05074219429162,0.3625241171520417,-1.82,4.82
2021-10-24,2021,Los Angeles Lakers,Memphis Grizzlies,121,118,3,Crypto.com Arena,34.043055555556,-118.26722222222,19060.0,88.0,88.0,75.0,13.0,19060.0,18119.0,2.0,0.0,False,True,2.0,1429.7967542675901,1514.6288416871553,-84.83208741956514,0.380286407783409,-1.39,4.39
2021-10-24,2021,Los Angeles Lakers,Memphis Grizzlies,121,118,3,Crypto.com Arena,34.043055555556,-118.26722222222,19060.0,88.0,88.0,75.0,13.0,19060.0,18119.0,2.0,1.0,False,True,1.0,1436.2855503969895,1508.140045557756,-71.85449516076642,0.39804258092707784,-0.98,3.98
2021-10-24,2021,Oklahoma City Thunder,Philadelphia 76ers,103,115,-12,Paycom Center,35.463333,-97.515,18203.0,366.0,366.0,19.0,347.0,18203.0,20328.0,2.0,2.0,False,False,0.0,1459.7590168338543,1508.8548008780017,-49.09578404414742,0.4298120431467192,-0.24,-11.76
2021-10-24,2021,New York Knicks,Orlando Magic,104,110,-6,Madison Square Garden,40.750555555556,-73.993611111111,20789.0,22.0,22.0,33.0,-11.0,20789.0,18846.0,2.0,2.0,False,False,0.0,1523.6999232597336,1462.906705298926,60.793217960807624,0.5866063981857508,3.3,-9.3
2021-10-24,2021,Houston Rockets,Boston Celtics,97,107,-10,Toyota Center,29.750833333333,-95.362222222222,18023.0,23.0,23.0,9.0,14.0,18023.0,18624.0,2.0,2.0,False,False,0.0,1508.062901308476,1470.4187198492748,37.64418145920126,0.5539633306955891,2.55,-12.55
2021-10-25,2021,LA Clippers,Portland Trail Blazers,116,86,30,Crypto.com Arena,34.043056,-118.267222,19060.0,88.0,88.0,33.0,55.0,19060.0,20636.0,0.0,0.0,True,True,0.0,1427.0357206311646,1517.865063480524,-90.82934284935936,0.372184712003209,-1.59,31.59
2021-10-25,2021,LA Clippers,Portland Trail Blazers,116,86,30,Crypto.com Arena,34.043056,-118.267222,19060.0,88.0,88.0,33.0,55.0,19060.0,20636.0,0.0,2.0,True,False,-2.0,1452.6303166256855,1492.270467486003,-39.64015086031759,0.44319948731514414,0.06,29.94
2021-10-25,2021,LA Clippers,Portland Trail Blazers,116,86,30,Crypto.com Arena,34.043056,-118.267222,19060.0,88.0,88.0,33.0,55.0,19060.0,20636.0,2.0,0.0,False,True,2.0,1476.2308043397788,1468.6699797719098,7.560824567869076,0.5108791838935407,1.58,28.42
2021-10-25,2021,LA Clippers,Portland Trail Blazers,116,86,30,Crypto.com Arena,34.043056,-118.267222,19060.0,88.0,88.0,33.0,55.0,19060.0,20636.0,2.0,2.0,False,False,0.0,1497.491479079203,1447.4093050324857,50.08217404671723,0.5715789556869771,2.95,27.05
2021-10-25,2021,LA Clippers,Portland Trail Blazers,116,86,30,Crypto.com Arena,34.043056,-118.267222,19060.0,88.0,88.0,33.0,55.0,19060.0,20636.0,0.0,0.0,True,True,0.0,1515.5046383547076,1429.396145756981,86.10849259772658,0.6214436566885415,4.12,25.88
2021-10-25,2021,LA Clippers,Portland Trail Blazers,116,86,30,Crypto.com Arena,34.043056,-118.267222,19060.0,88.0,88.0,33.0,55.0,19060.0,20636.0,0.0,2.0,True,False,-2.0,1530.9920449651263,1413.9087391465623,117.08330581856399,0.6623950458092737,5.11,24.89
2021-10-25,2021,LA Clippers,Portland Trail Blazers,116,86,30,Crypto.com Arena,34.043056,-118.267222,19060.0,88.0,88.0,33.0,55.0,19060.0,20636.0,2.0,0.0,False,True,2.0,1544.4911112013929,1400.4096729102957,144.08143829109713,0.6962279274752075,5.98,24.02
2021-10-25,2021,LA Clippers,Portland Trail Blazers,116,86,30,Crypto.com Arena,34.043056,-118.267222,19060.0,88.0,88.0,33.0,55.0,19060.0,20636.0,2.0,2.0,False,False,0.0,1556.4021488302951,1388.4986352813935,167.90351354890163,0.7244273767320133,6.75,23.25
2021-10-25,2021,Minnesota Timberwolves,New Orleans Pelicans,98,107,-9,Target Center,44.979444444444,-93.276111111111,19356.0,272.0,272.0,6.0,266.0,19356.0,18500.0,2.0,2.0,False,False,0.0,1522.3207345272212,1463.6926812316035,58.62805329561775,0.5835807349209974,3.23,-12.23
2021-10-25,2021,Charlotte Hornets,Boston Celtics,129,140,-11,Spectrum Center,35.225,-80.839166666667,19077.0,223.0,223.0,9.0,214.0,19077.0,18624.0,1.0,1.0,True,True,0.0,1527.2443046182104,1481.580117346782,45.664187271428546,0.5653402428919183,2.81,-13.81
2021-10-25,2021,Atlanta Hawks,Detroit Pistons,122,104,18,State Farm Arena,33.757222222222,-84.396388888889,19445.0,331.0,331.0,184.0,147.0,19445.0,20332.0,2.0,2.0,False,False,0.0,1511.349086223823,1480.1719899374443,31.177096286378628,0.5447474053659264,2.35,15.65
2021-10-25,2021,Brooklyn Nets,Washington Wizards,104,90,14,Barclays Center,40.68265,-73.974689,17732.0,14.0,14.0,19.0,-5.0,17732.0,20674.0,1.0,3.0,True,False,-2.0,1476.6639901765336,1517.2488828698388,-40.584892693305164,0.4418578580730504,0.03,13.97
2021-10-25,2021,Indiana Pacers,Milwaukee Bucks,109,119,-10,Gainbridge Fieldhouse,39.763888888889,-86.155555555556,18165.0,224.0,224.0,183.0,41.0,18165.0,17341.0,2.0,2.0,False,False,0.0,1503.9996950175196,1499.870149741221,4.129545276298586,0.5059426135324289,1.47,-11.47
2021-10-25,2021,Miami Heat,Orlando Magic,107,90,17,Kaseya Center,25.781388888889,-80.188055555556,16500.0,12.0,12.0,33.0,-21.0,16500.0,18846.0,2.0,1.0,False,True,1.0,1517.2315595224304,1471.5580847909482,45.6734747314822,0.5653533803236767,2.81,14.19
2021-10-25,2021,Toronto Raptors,Chicago Bulls,108,111,-3,Scotiabank Arena,43.643333333333,-79.379166666667,19800.0,79.0,79.0,196.0,-117.0,19800.0,23500.0,2.0,2.0,False,False,0.0,1500.1719450747894,1532.6648266147301,-32.492881539940754,0.4533748390305766,0.29,-3.29
2021-10-25,2021,Denver Nuggets,Cleveland Cavaliers,87,99,-12,Ball Arena,39.748611111111,-105.0075,19155.0,1603.0,1603.0,208.0,1395.0,19155.0,20562.0,3.0,2.0,False,False,1.0,1519.497950194925,1486.948066757634,32.54988343729087,0.5467064787269215,2.39,-14.39
2021-10-26,2021,San Antonio Spurs,Los Angeles Lakers,121,125,-4,Frost Bank Center,29.426944444444,-98.4375,18581.0,197.0,197.0,88.0,109.0,18581.0,19060.0,3.0,0.0,False,True,3.0,1500.995573786997,1442.6503079453269,58.3452658416702,0.5831850890915152,3.22,-7.22
2021-10-26,2021,Utah Jazz,Denver Nuggets,122,110,12,Delta Center,40.768333,-111.901111,19911.0,1318.0,1318.0,1603.0,-285.0,19911.0,19155.0,4.0,1.0,False,True,3.0,1526.278567719987,1507.0976640333708,19.180903686616148,0.5275755299046145,1.96,10.04
2021-10-26,2021,New York Knicks,Philadelphia 76ers,112,99,13,Madison Square Garden,40.750555555556,-73.993611111111,20789.0,22.0,22.0,19.0,3.0,20789.0,20328.0,2.0,2.0,False,False,0.0,1515.0485437677114,1518.479544264424,-3.4310004967126133,0.49506255387498715,1.23,11.77
2021-10-26,2021,San Antonio Spurs,Los Angeles Lakers,121,125,-4,Frost Bank Center,29.426944444444,-98.4375,18581.0,197.0,197.0,88.0,109.0,18581.0,19060.0,0.0,0.0,True,True,0.0,1493.9479742006438,1449.6979075316801,44.250066668963655,0.5633388601959399,2.77,-6.77
2021-10-26,2021,San Antonio Spurs,Los Angeles Lakers,121,125,-4,Frost Bank Center,29.426944444444,-98.4375,18581.0,197.0,197.0,88.0,109.0,18581.0,19060.0,0.0,2.0,True,False,-2.0,1487.0660689025003,1456.5798128298236,30.486256072676724,0.5437609950058141,2.32,-6.32
2021-10-26,2021,San Antonio Spurs,Los Angeles Lakers,121,125,-4,Frost Bank Center,29.426944444444,-98.4375,18581.0,197.0,197.0,88.0,109.0,18581.0,19060.0,3.0,2.0,False,False,1.0,1480.351930219506,1463.293951512818,17.05797870668789,0.5245286990629865,1.89,-5.89
2021-10-26,2021,Dallas Mavericks,Houston Rockets,116,106,10,American Airlines Center,32.790555555556,-96.810277777778,19200.0,134.0,134.0,23.0,111.0,19200.0,18023.0,3.0,2.0,False,False,1.0,1489.9037648390988,1496.901503810969,-6.997738971870149,0.4899308056335501,1.12,8.88
2021-10-26,2021,San Antonio Spurs,Los Angeles Lakers,121,125,-4,Frost Bank Center,29.426944444444,-98.4375,18581.0,197.0,197.0,88.0,109.0,18581.0,19060.0,0.0,2.0,True,False,-2.0,1473.8066243799174,1469.8392573524065,3.967367027510818,0.5057092519622387,1.47,-5.47
2021-10-26,2021,San Antonio Spurs,Los Angeles Lakers,121,125,-4,Frost Bank Center,29.426944444444,-98.4375,18581.0,197.0,197.0,88.0,109.0,18581.0,19060.0,3.0,0.0,False,True,3.0,1467.4302788703674,1476.2156028619565,-8.785323991589166,0.4873595964037909,1.06,-5.06
2021-10-26,2021,San Antonio Spurs,Los Angeles Lakers,121,125,-4,Frost Bank Center,29.426944444444,-98.4375,18581.0,197.0,197.0,88.0,109.0,18581.0,19060.0,3.0,2.0,False,False,1.0,1461.3088186953437,1482.3370630369802,-21.028244341636537,0.4697748214558264,0.66,-4.66
2021-10-26,2021,Oklahoma City Thunder,Golden State Warriors,98,106,-8,Paycom Center,35.463333,-97.515,18203.0,366.0,366.0,-1.0,367.0,18203.0,18000.0,2.0,2.0,False,False,0.0,1450.134273447432,1591.4385316765986,-141.30425822916663,0.3071637479433631,-3.21,-4.79
2021-10-26,2021,San Antonio Spurs,Los Angeles Lakers,121,125,-4,Frost Bank Center,29.426944444444,-98.4375,18581.0,197.0,197.0,88.0,109.0,18581.0,19060.0,0.0,0.0,True,True,0.0,1455.465067567246,1488.180814165078,-32.71574659783187,0.4530569184257623,0.29,-4.29
2021-10-27,2021,Portland Trail Blazers,Memphis Grizzlies,116,96,20,Moda Center,45.531666666667,-122.66666666667,20636.0,33.0,33.0,75.0,-42.0,20636.0,18119.0,2.0,3.0,False,False,-1.0,1377.8748498923828,1501.7752880094185,-123.90043811703572,0.3288859067458774,-2.65,22.65
2021-10-27,2021,LA Clippers,Cleveland Cavaliers,79,92,-13,Crypto.com Arena,34.043056,-118.267222,19060.0,88.0,88.0,208.0,-120.0,19060.0,20562.0,0.0,0.0,True,True,0.0,1567.0259342193058,1499.348352919188,67.67758130011771,0.5961824252613899,3.52,-16.52
2021-10-27,2021,LA Clippers,Cleveland Cavaliers,79,92,-13,Crypto.com Arena,34.043056,-118.267222,19060.0,88.0,88.0,208.0,-120.0,19060.0,20562.0,0.0,2.0,True,False,-2.0,1553.1665241806186,1513.2077629578753,39.958761222743306,0.5572530653296779,2.63,-15.63
2021-10-27,2021,LA Clippers,Cleveland Cavaliers,79,92,-13,Crypto.com Arena,34.043056,-118.267222,19060.0,88.0,88.0,208.0,-120.0,19060.0,20562.0,2.0,0.0,False,True,2.0,1539.9337356873493,1526.4405514511445,13.493184236204797,0.519408496252495,1.78,-14.78
2021-10-27,2021,LA Clippers,Cleveland Cavaliers,79,92,-13,Crypto.com Arena,34.043056,-118.267222,19060.0,88.0,88.0,208.0,-120.0,19060.0,20562.0,2.0,2.0,False,False,0.0,1527.3412670686412,1539.0330200698527,-11.69175300121151,0.48318056334818077,0.96,-13.96
2021-10-27,2021,LA Clippers,Cleveland Cavaliers,79,92,-13,Crypto.com Arena,34.043056,-118.267222,19060.0,88.0,88.0,208.0,-120.0,19060.0,20562.0,0.0,0.0,True,True,0.0,1515.6103781366055,1550.7639090018884,-35.153530865282846,0.44958193492859827,0.21,-13.21
2021-10-27,2021,LA Clippers,Cleveland Cavaliers,79,92,-13,Crypto.com Arena,34.043056,-118.267222,19060.0,88.0,88.0,208.0,-120.0,19060.0,20562.0,2.0,0.0,False,True,2.0,1504.8944801693299,1561.479806969164,-56.58532679983409,0.41927961859505425,-0.48,-12.52
2021-10-27,2021,LA Clippers,Cleveland Cavaliers,79,92,-13,Crypto.com Arena,34.043056,-118.267222,19060.0,88.0,88.0,208.0,-120.0,19060.0,20562.0,2.0,2.0,False,False,0.0,1495.0647701450882,1571.3095169934056,-76.24474684831739,0.3920030979899636,-1.12,-11.88
2021-10-27,2021,Brooklyn Nets,Miami Heat,93,106,-13,Barclays Center,40.68265,-73.974689,17732.0,14.0,14.0,12.0,2.0,17732.0,16500.0,2.0,2.0,False,False,0.0,1490.5697946968837,1529.5156634001903,-38.94586870330659,0.44418596802942883,0.09,-13.09
2021-10-27,2021,Phoenix Suns,Sacramento Kings,107,110,-3,Mortgage Matchup Center,33.445833333333,-112.07138888889,19023.0,331.0,331.0,12.0,319.0,19023.0,18500.0,4.0,3.0,False,False,1.0,1521.2311861587903,1488.0480658159036,33.183120342886696,0.54760967311945,2.41,-5.41
2021-10-27,2021,Toronto Raptors,Indiana Pacers,118,100,18,Scotiabank Arena,43.643333333333,-79.379166666667,19800.0,79.0,79.0,224.0,-145.0,19800.0,18165.0,2.0,2.0,False,False,0.0,1495.2310890740475,1493.5334164956614,1.6976725783861184,0.5024431277884546,1.4,16.6
2021-10-27,2021,LA Clippers,Cleveland Cavaliers,79,92,-13,Crypto.com Arena,34.043056,-118.267222,19060.0,88.0,88.0,208.0,-120.0,19060.0,20562.0,0.0,2.0,True,False,-2.0,1486.0107688151952,1580.3635183232986,-94.35274950810344,0.36745788585252104,-1.7,-11.3
2021-10-27,2021,Orlando Magic,Charlotte Hornets,111,120,-9,Kia Center,28.539167,-81.383611,18846.0,33.0,33.0,223.0,-190.0,18846.0,19077.0,2.0,2.0,False,False,0.0,1459.2739809131883,1515.2327666025437,-55.95878568935541,0.42015803830967724,-0.46,-8.54
2021-10-27,2021,Oklahoma City Thunder,Los Angeles Lakers,123,115,8,Paycom Center,35.463333,-97.515,18203.0,366.0,366.0,88.0,278.0,18203.0,19060.0,0.0,0.0,True,True,0.0,1445.1230849729352,1493.7652527333212,-48.64216776038597,0.4304521025914463,-0.23,8.23
2021-10-27,2021,Oklahoma City Thunder,Los Angeles Lakers,123,115,8,Paycom Center,35.463333,-97.515,18203.0,366.0,366.0,88.0,278.0,18203.0,19060.0,0.0,1.0,True,True,-1.0,1455.0779103384882,1483.8104273677682,-28.73251702927996,0.4587445911855119,0.41,7.59
2021-10-27,2021,Oklahoma City Thunder,Los Angeles Lakers,123,115,8,Paycom Center,35.463333,-97.515,18203.0,366.0,366.0,88.0,278.0,18203.0,19060.0,1.0,0.0,True,True,1.0,1464.6855218468093,1474.2028158594471,-9.517294012637876,0.4863069377315636,1.03,6.97
2021-10-27,2021,Oklahoma City Thunder,Los Angeles Lakers,123,115,8,Paycom Center,35.463333,-97.515,18203.0,366.0,366.0,88.0,278.0,18203.0,19060.0,1.0,1.0,True,True,0.0,1473.942994946148,1464.9453427601084,8.997652186039659,0.5129457683825989,1.63,6.37
2021-10-27,2021,Oklahoma City Thunder,Los Angeles Lakers,123,115,8,Paycom Center,35.463333,-97.515,18203.0,366.0,366.0,88.0,278.0,18203.0,19060.0,0.0,0.0,True,True,0.0,1482.7240215737681,1456.1643161324882,26.559705441279903,0.5381482069707946,2.2,5.8
2021-10-27,2021,Oklahoma City Thunder,Los Angeles Lakers,123,115,8,Paycom Center,35.463333,-97.515,18203.0,366.0,366.0,88.0,278.0,18203.0,19060.0,0.0,1.0,True,True,-1.0,1490.9361247200684,1447.952212986188,42.983911733880404,0.5615451370217582,2.73,5.27
2021-10-27,2021,Oklahoma City Thunder,Los Angeles Lakers,123,115,8,Paycom Center,35.463333,-97.515,18203.0,366.0,366.0,88.0,278.0,18203.0,19060.0,1.0,0.0,True,True,1.0,1498.6331810266358,1440.2551566796205,58.3780243470153,0.5832309267706258,3.22,4.78
2021-10-27,2021,Oklahoma City Thunder,Los Angeles Lakers,123,115,8,Paycom Center,35.463333,-97.515,18203.0,366.0,366.0,88.0,278.0,18203.0,19060.0,1.0,1.0,True,True,0.0,1505.863461367174,1433.0248763390823,72.83858502809176,0.6033139629205307,3.69,4.31
2021-10-27,2021,Milwaukee Bucks,Minnesota Timberwolves,108,113,-5,Fiserv Forum,43.0451,-87.9182,17341.0,183.0,183.0,272.0,-89.0,17341.0,19356.0,2.0,2.0,False,False,0.0,1510.3364282630791,1511.468767573046,-1.1323393099669374,0.4983704385101189,1.3,-6.3
2021-10-27,2021,New Orleans Pelicans,Atlanta Hawks,99,102,-3,Smoothie King Center,29.948888888889,-90.081944444444,18500.0,6.0,6.0,331.0,-325.0,18500.0,19445.0,2.0,2.0,False,False,0.0,1474.5446481857787,1524.8790752573022,-50.33442707152358,0.4280654998725186,-0.28,-2.72
2021-10-27,2021,Boston Celtics,Washington Wizards,107,116,-9,TD Garden,42.366302777778,-71.062227777778,18624.0,9.0,9.0,19.0,-10.0,18624.0,20674.0,2.0,2.0,False,False,0.0,1493.5916553624486,1503.3430783494887,-9.751422987040087,0.48597025802092597,1.03,-10.03
2021-10-28,2021,Golden State Warriors,Memphis Grizzlies,101,104,-3,Chase Center,37.767833333333,-122.38738888889,18000.0,-1.0,-1.0,75.0,-76.0,18000.0,18119.0,2.0,1.0,False,True,1.0,1596.4497201510953,1481.7719666962093,114.67775345488599,0.6592914356276478,5.04,-8.04
2021-10-28,2021,Dallas Mavericks,San Antonio Spurs,104,99,5,American Airlines Center,32.790555555556,-96.810277777778,19200.0,134.0,134.0,197.0,-63.0,19200.0,18581.0,2.0,2.0,False,False,0.0,1500.4313321221007,1449.8806289990027,50.550703123097946,0.5722392767857561,2.97,2.03
2021-10-28,2021,Houston Rockets,Utah Jazz,91,122,-31,Toyota Center,29.750833333333,-95.362222222222,18023.0,23.0,23.0,1318.0,-1295.0,18023.0,19911.0,2.0,2.0,False,False,0.0,1486.373936527967,1537.106875914276,-50.732939386309,0.4275039580409155,-0.29,-30.71
2021-10-28,2021,Chicago Bulls,New York Knicks,103,104,-1,United Center,41.880555555556,-87.674166666667,23500.0,196.0,196.0,22.0,174.0,23500.0,20789.0,3.0,2.0,False,False,1.0,1537.605682615472,1527.3884505464725,10.217232068999465,0.5146995417431315,1.67,-2.67
2021-10-28,2021,Washington Wizards,Atlanta Hawks,122,111,11,Capital One Arena,38.898055555556,-77.020833333333,20674.0,19.0,19.0,331.0,-312.0,20674.0,19445.0,1.0,1.0,True,True,0.0,1512.730548633096,1529.480103634212,-16.749555001115823,0.47591410929651845,0.8,10.2
2021-10-28,2021,Philadelphia 76ers,Detroit Pistons,110,102,8,Xfinity Mobile Arena,39.90115,-75.17197,20328.0,19.0,19.0,184.0,-165.0,20328.0,20332.0,2.0,3.0,False,False,-1.0,1506.139637485663,1466.642000903965,39.49763658169786,0.5565980555132316,2.61,5.39
2021-10-29,2021,New Orleans Pelicans,Sacramento Kings,109,113,-4,Smoothie King Center,29.948888888889,-90.081944444444,18500.0,6.0,6.0,12.0,-6.0,18500.0,18500.0,2.0,2.0,False,False,0.0,1469.943619808869,1494.0126780993826,-24.069058290513567,0.4654171464829806,0.56,-4.56
2021-10-29,2021,Los Angeles Lakers,Cleveland Cavaliers,113,101,12,Crypto.com Arena,34.043055555556,-118.26722222222,19060.0,88.0,88.0,208.0,-120.0,19060.0,20562.0,0.0,2.0,True,False,-2.0,1426.2182336466458,1588.7362864411689,-162.5180527945231,0.28180432467526634,-3.9,15.9
2021-10-29,2021,Los Angeles Lakers,Cleveland Cavaliers,113,101,12,Crypto.com Arena,34.043055555556,-118.26722222222,19060.0,88.0,88.0,208.0,-120.0,19060.0,20562.0,2.0,0.0,False,True,2.0,1441.0093356171367,1573.945184470678,-132.9358488535413,0.3175096318963901,-2.94,14.94
2021-10-29,2021,Los Angeles Lakers,Cleveland Cavaliers,113,101,12,Crypto.com Arena,34.043055555556,-118.26722222222,19060.0,88.0,88.0,208.0,-120.0,19060.0,20562.0,2.0,2.0,False,False,0.0,1455.3657585672663,1559.5887615205484,-104.22300295328205,0.3543537986972926,-2.02,14.02
2021-10-29,2021,Los Angeles Lakers,Cleveland Cavaliers,113,101,12,Crypto.com Arena,34.043055555556,-118.26722222222,19060.0,88.0,88.0,208.0,-120.0,19060.0,20562.0,0.0,0.0,True,True,0.0,1469.2351104282513,1545.7194096595633,-76.48429923131198,0.39167448682339095,-1.12,13.12
2021-10-29,2021,Los Angeles Lakers,Cleveland Cavaliers,113,101,12,Crypto.com Arena,34.043055555556,-118.26722222222,19060.0,88.0,88.0,208.0,-120.0,19060.0,20562.0,0.0,2.0,True,False,-2.0,1482.5760270466512,1532.3784930411634,-49.802465994512204,0.4288153723479614,-0.26,12.26
2021-10-29,2021,Los Angeles Lakers,Cleveland Cavaliers,113,101,12,Crypto.com Arena,34.043055555556,-118.26722222222,19060.0,88.0,88.0,208.0,-120.0,19060.0,20562.0,2.0,0.0,False,True,2.0,1495.3595603343924,1519.5949597534222,-24.235399419029818,0.4651789154517859,0.56,11.44
2021-10-29,2021,Los Angeles Lakers,Cleveland Cavaliers,113,101,12,Crypto.com Arena,34.043055555556,-118.26722222222,19060.0,88.0,88.0,208.0,-120.0,19060.0,20562.0,2.0,2.0,False,False,0.0,1507.569418157905,1507.3851019299098,0.18431622799516845,0.5002652523494778,1.35,10.65
2021-10-29,2021,Los Angeles Lakers,Cleveland Cavaliers,113,101,12,Crypto.com Arena,34.043055555556,-118.26722222222,19060.0,88.0,88.0,208.0,-120.0,19060.0,20562.0,0.0,0.0,True,True,0.0,1519.1977456425582,1495.7567744452565,23.44097119730168,0.5336831761332901,2.1,9.9
2021-10-29,2021,Miami Heat,Charlotte Hornets,114,99,15,Kaseya Center,25.781388888889,-80.188055555556,16500.0,12.0,12.0,223.0,-211.0,16500.0,19077.0,2.0,2.0,False,False,0.0,1540.0717972286595,1523.0617783988841,17.01001882977539,0.5244598448911586,1.89,13.11
2021-10-29,2021,Portland Trail Blazers,LA Clippers,111,92,19,Moda Center,45.531666666667,-122.66666666667,20636.0,33.0,33.0,88.0,-55.0,20636.0,19060.0,0.0,2.0,True,False,-2.0,1397.878171205592,1477.638000697325,-79.75982949173294,0.38719116790786995,-1.23,20.23
2021-10-29,2021,Brooklyn Nets,Indiana Pacers,105,98,7,Barclays Center,40.68265,-73.974689,17732.0,14.0,14.0,224.0,-210.0,17732.0,18165.0,2.0,2.0,False,False,0.0,1480.0136608684145,1478.3978923437455,1.6157685246689653,0.5023252610608444,1.39,5.61
2021-10-29,2021,Portland Trail Blazers,LA Clippers,111,92,19,Moda Center,45.531666666667,-122.66666666667,20636.0,33.0,33.0,88.0,-55.0,20636.0,19060.0,0.0,0.0,True,True,0.0,1416.0906347973275,1459.4255371055895,-43.33490230826192,0.43795746208091657,-0.06,19.06
2021-10-29,2021,Portland Trail Blazers,LA Clippers,111,92,19,Moda Center,45.531666666667,-122.66666666667,20636.0,33.0,33.0,88.0,-55.0,20636.0,19060.0,2.0,0.0,False,True,2.0,1433.2647779426247,1442.2513939602923,-8.98661601766753,0.4870701033063757,1.05,17.95
2021-10-29,2021,Portland Trail Blazers,LA Clippers,111,92,19,Moda Center,45.531666666667,-122.66666666667,20636.0,33.0,33.0,88.0,-55.0,20636.0,19060.0,2.0,2.0,False,False,0.0,1449.3658127855697,1426.1503591173473,23.21545366822238,0.5333600891001994,2.09,16.91
2021-10-29,2021,Portland Trail Blazers,LA Clippers,111,92,19,Moda Center,45.531666666667,-122.66666666667,20636.0,33.0,33.0,88.0,-55.0,20636.0,19060.0,0.0,0.0,True,True,0.0,1463.8500913680118,1411.6660805349052,52.18401083310664,0.5745391516599979,3.02,15.98
2021-10-29,2021,Portland Trail Blazers,LA Clippers,111,92,19,Moda Center,45.531666666667,-122.66666666667,20636.0,33.0,33.0,88.0,-55.0,20636.0,19060.0,0.0,2.0,True,False,-2.0,1476.7624069904161,1398.7537649125009,78.00864207791528,0.610414252618828,3.85,15.15
2021-10-29,2021,Portland Trail Blazers,LA Clippers,111,92,19,Moda Center,45.531666666667,-122.66666666667,20636.0,33.0,33.0,88.0,-55.0,20636.0,19060.0,2.0,0.0,False,True,2.0,1488.356026654245,1387.160145248672,101.19588140557289,0.641649424872257,4.6,14.4
2021-10-29,2021,Portland Trail Blazers,LA Clippers,111,92,19,Moda Center,45.531666666667,-122.66666666667,20636.0,33.0,33.0,88.0,-55.0,20636.0,19060.0,2.0,2.0,False,False,0.0,1498.8371222708372,1376.6790496320798,122.1580726387574,0.6688965151265878,5.28,13.72
2021-10-29,2021,Toronto Raptors,Orlando Magic,110,109,1,Scotiabank Arena,43.643333333333,-79.379166666667,19800.0,79.0,79.0,33.0,46.0,19800.0,18846.0,2.0,2.0,False,False,0.0,1510.3666132259634,1451.444969116848,58.921644109115505,0.5839913817506608,3.24,-2.24
2021-10-29,2021,Denver Nuggets,Dallas Mavericks,106,75,31,Ball Arena,39.748611111111,-105.0075,19155.0,1603.0,1603.0,134.0,1469.0,19155.0,19200.0,3.0,1.0,False,True,2.0,1496.2693558390818,1506.2179439714116,-9.94858813232986,0.4856867425141862,1.02,29.98
2021-10-30,2021,Phoenix Suns,Cleveland Cavaliers,101,92,9,Mortgage Matchup Center,33.445833333333,-112.07138888889,19023.0,331.0,331.0,208.0,123.0,19023.0,20562.0,3.0,1.0,False,True,2.0,1515.2665738753112,1485.1042137284267,30.162360146884566,0.5432984042431582,2.31,6.69
2021-10-30,2021,Indiana Pacers,Toronto Raptors,94,97,-3,Gainbridge Fieldhouse,39.763888888889,-86.155555555556,18165.0,224.0,224.0,79.0,145.0,18165.0,19800.0,1.0,1.0,True,True,0.0,1470.035061417711,1513.5781686175305,-43.54310719981959,0.43766246657631264,-0.06,-2.94
2021-10-30,2021,Detroit Pistons,Orlando Magic,110,103,7,Little Caesars Arena,42.3412,-83.0549,20332.0,184.0,184.0,33.0,151.0,20332.0,18846.0,2.0,1.0,False,True,1.0,1458.8370543003737,1448.2334137252808,10.603640575092868,0.5152551292603001,1.68,5.32
2021-10-30,2021,Minnesota Timberwolves,Denver Nuggets,91,93,-2,Target Center,44.979444444444,-93.276111111111,19356.0,272.0,272.0,1603.0,-1331.0,19356.0,19155.0,3.0,1.0,False,True,2.0,1518.4768589949565,1519.1220166665564,-0.6451576715999181,0.49907154454385816,1.32,-3.32
2021-10-30,2021,New Orleans Pelicans,New York Knicks,117,123,-6,Smoothie King Center,29.948888888889,-90.081944444444,18500.0,6.0,6.0,22.0,-16.0,18500.0,20789.0,1.0,2.0,True,False,-1.0,1464.167893734423,1531.5154566019526,-67.34756286752963,0.40427501829219126,-0.83,-5.17
2021-10-30,2021,Philadelphia 76ers,Atlanta Hawks,122,94,28,Xfinity Mobile Arena,39.90115,-75.17197,20328.0,19.0,19.0,331.0,-312.0,20328.0,19445.0,2.0,2.0,False,False,0.0,1513.9445840892542,1518.0909125011947,-4.146328411940431,0.4940332370195422,1.21,26.79
2021-10-30,2021,Chicago Bulls,Utah Jazz,107,99,8,United Center,41.880555555556,-87.674166666667,23500.0,196.0,196.0,1318.0,-1122.0,23500.0,19911.0,2.0,2.0,False,False,0.0,1533.478676559992,1555.506708883713,-22.028032323720936,0.4683415219416051,0.63,7.37
2021-10-30,2021,Milwaukee Bucks,San Antonio Spurs,93,102,-9,Fiserv Forum,43.0451,-87.9182,17341.0,183.0,183.0,197.0,-14.0,17341.0,18581.0,3.0,2.0,False,False,1.0,1503.3283368411687,1444.0940171496918,59.23431969147691,0.5844285943444741,3.25,-12.25
2021-10-30,2021,Memphis Grizzlies,Miami Heat,103,129,-26,FedExForum,35.138333333333,-90.050555555556,18119.0,75.0,75.0,12.0,63.0,18119.0,16500.0,2.0,1.0,False,True,1.0,1488.5241942198725,1552.7047215772,-64.18052735732749,0.4086732476380753,-0.73,-25.27
2021-10-30,2021,Washington Wizards,Boston Celtics,115,112,3,Capital One Arena,38.898055555556,-77.020833333333,20674.0,19.0,19.0,9.0,10.0,20674.0,18624.0,2.0,3.0,False,False,-1.0,1524.1197397661133,1484.2041850788412,39.915554687272106,0.5571917005255524,2.63,0.37
2021-10-30,2021,Golden State Warriors,Oklahoma City Thunder,103,82,21,Chase Center,37.767833333333,-122.38738888889,18000.0,-1.0,-1.0,366.0,-367.0,18000.0,18203.0,2.0,3.0,False,False,-1.0,1589.6974926274322,1512.6701040596106,77.02738856782162,0.6090701437820246,3.82,17.18
2021-10-31,2021,Brooklyn Nets,Detroit Pistons,117,91,26,Barclays Center,40.68265,-73.974689,17732.0,14.0,14.0,184.0,-170.0,17732.0,20332.0,2.0,1.0,False,True,1.0,1488.376491794449,1466.9245378558123,21.451953938636734,0.530832672345035,2.03,23.97
2021-10-31,2021,Charlotte Hornets,Portland Trail Blazers,125,113,12,Spectrum Center,35.225,-80.839166666667,19077.0,223.0,223.0,33.0,190.0,19077.0,20636.0,2.0,2.0,False,False,0.0,1510.4288540503437,1508.373347431646,2.055506618697791,0.5029580772992281,1.41,10.59
2021-10-31,2021,Milwaukee Bucks,Utah Jazz,95,107,-12,Fiserv Forum,43.0451,-87.9182,17341.0,183.0,183.0,1318.0,-1135.0,17341.0,19911.0,1.0,1.0,True,True,0.0,1492.465636044699,1546.0197076962488,-53.55407165154975,0.42353413416926244,-0.39,-11.61
2021-10-31,2021,Los Angeles Lakers,Houston Rockets,95,85,10,Crypto.com Arena,34.043055555556,-118.26722222222,19060.0,88.0,88.0,23.0,65.0,19060.0,18023.0,0.0,0.0,True,True,0.0,1529.850306359388,1467.9741035585303,61.876202800857754,0.5881173575856768,3.33,6.67
2021-10-31,2021,Los Angeles Lakers,Houston Rockets,95,85,10,Crypto.com Arena,34.043055555556,-118.26722222222,19060.0,88.0,88.0,23.0,65.0,19060.0,18023.0,0.0,3.0,True,False,-3.0,1537.9957372500323,1459.828672667886,78.1670645821464,0.6106311011770416,3.86,6.14
2021-10-31,2021,Los Angeles Lakers,Houston Rockets,95,85,10,Crypto.com Arena,34.043055555556,-118.26722222222,19060.0,88.0,88.0,23.0,65.0,19060.0,18023.0,2.0,0.0,False,True,2.0,1545.6014860834193,1452.222923834499,93.37856224892039,0.6312376956651563,4.35,5.65
2021-10-31,2021,Los Angeles Lakers,Houston Rockets,95,85,10,Crypto.com Arena,34.043055555556,-118.26722222222,19060.0,88.0,88.0,23.0,65.0,19060.0,18023.0,0.0,0.0,True,True,0.0,1552.7231509680928,1445.1012589498255,107.62189201826732,0.6501096930634359,4.81,5.19
2021-10-31,2021,Los Angeles Lakers,Houston Rockets,95,85,10,Crypto.com Arena,34.043055555556,-118.26722222222,19060.0,88.0,88.0,23.0,65.0,19060.0,18023.0,0.0,3.0,True,False,-3.0,1559.4094609354709,1438.4149489824474,120.99451195302345,0.667411409384207,5.24,4.76
2021-10-31,2021,Los Angeles Lakers,Houston Rockets,95,85,10,Crypto.com Arena,34.043055555556,-118.26722222222,19060.0,88.0,88.0,23.0,65.0,19060.0,18023.0,2.0,0.0,False,True,2.0,1565.7031467317304,1432.121263186188,133.5818835455425,0.6832956905991704,5.65,4.35
2021-10-31,2021,Los Angeles Lakers,Houston Rockets,95,85,10,Crypto.com Arena,34.043055555556,-118.26722222222,19060.0,88.0,88.0,23.0,65.0,19060.0,18023.0,2.0,3.0,False,False,-1.0,1571.6417256635168,1426.1826842544015,145.45904140911534,0.6979024906675507,6.03,3.97
2021-10-31,2021,Dallas Mavericks,Sacramento Kings,105,99,6,American Airlines Center,32.790555555556,-96.810277777778,19200.0,134.0,134.0,12.0,122.0,19200.0,18500.0,2.0,2.0,False,False,0.0,1483.365283143937,1499.7884041738287,-16.423121029891718,0.47638281649431724,0.81,5.19
2021-10-31,2021,Los Angeles Lakers,Houston Rockets,95,85,10,Crypto.com Arena,34.043055555556,-118.26722222222,19060.0,88.0,88.0,23.0,65.0,19060.0,18023.0,2.0,3.0,False,False,-1.0,1577.2581961094158,1420.5662138085024,156.69198230091342,0.7113585961145455,6.39,3.61
2021-11-01,2021,LA Clippers,Oklahoma City Thunder,99,94,5,Crypto.com Arena,34.043056,-118.267222,19060.0,88.0,88.0,366.0,-278.0,19060.0,18203.0,3.0,0.0,False,True,3.0,1367.142824471271,1500.1886066180014,-133.0457821467303,0.31737251587583926,-2.95,7.95
2021-11-01,2021,LA Clippers,Oklahoma City Thunder,99,94,5,Crypto.com Arena,34.043056,-118.267222,19060.0,88.0,88.0,366.0,-278.0,19060.0,18203.0,0.0,0.0,True,True,0.0,1375.8263872478624,1491.50504384141,-115.67865659354766,0.33941553429422283,-2.39,7.39
2021-11-01,2021,LA Clippers,Oklahoma City Thunder,99,94,5,Crypto.com Arena,34.043056,-118.267222,19060.0,88.0,88.0,366.0,-278.0,19060.0,18203.0,0.0,2.0,True,False,-2.0,1384.3364070247121,1482.9950240645603,-98.6586170398482,0.3617158382939222,-1.84,6.84
2021-11-01,2021,LA Clippers,Oklahoma City Thunder,99,94,5,Crypto.com Arena,34.043056,-118.267222,19060.0,88.0,88.0,366.0,-278.0,19060.0,18203.0,3.0,0.0,False,True,3.0,1392.6629124877554,1474.668518601517,-82.00560611376159,0.38412826115546106,-1.3,6.3
2021-11-01,2021,LA Clippers,Oklahoma City Thunder,99,94,5,Crypto.com Arena,34.043056,-118.267222,19060.0,88.0,88.0,366.0,-278.0,19060.0,18203.0,3.0,2.0,False,False,1.0,1400.7974891761903,1466.5339419130821,-65.7364527368918,0.40651057792093503,-0.78,5.78
2021-11-01,2021,LA Clippers,Oklahoma City Thunder,99,94,5,Crypto.com Arena,34.043056,-118.267222,19060.0,88.0,88.0,366.0,-278.0,19060.0,18203.0,0.0,2.0,True,False,-2.0,1408.733364031821,1458.5980670574513,-49.864703025630206,0.4287276237187152,-0.27,5.27
2021-11-01,2021,LA Clippers,Oklahoma City Thunder,99,94,5,Crypto.com Arena,34.043056,-118.267222,19060.0,88.0,88.0,366.0,-278.0,19060.0,18203.0,3.0,2.0,False,False,1.0,1416.465434587109,1450.8659965021634,-34.40056191505437,0.45065475906313923,0.23,4.77
2021-11-01,2021,LA Clippers,Oklahoma City Thunder,99,94,5,Crypto.com Arena,34.043056,-118.267222,19060.0,88.0,88.0,366.0,-278.0,19060.0,18203.0,0.0,0.0,True,True,0.0,1423.990245902782,1443.3411851864905,-19.350939283708612,0.4721805200967398,0.72,4.28
2021-11-01,2021,Charlotte Hornets,Cleveland Cavaliers,110,113,-3,Spectrum Center,35.225,-80.839166666667,19077.0,223.0,223.0,208.0,15.0,19077.0,20562.0,1.0,2.0,True,False,-1.0,1521.9772373627666,1476.422784734926,45.55445262784065,0.5651850125192646,2.81,-5.81
2021-11-01,2021,Boston Celtics,Chicago Bulls,114,128,-14,TD Garden,42.366302777778,-71.062227777778,18624.0,9.0,9.0,196.0,-187.0,18624.0,23500.0,2.0,2.0,False,False,0.0,1479.4062516487743,1542.965677747456,-63.5594260986818,0.4095375450479759,-0.71,-13.29
2021-11-01,2021,Minnesota Timberwolves,Orlando Magic,97,115,-18,Target Center,44.979444444444,-93.276111111111,19356.0,272.0,272.0,33.0,239.0,19356.0,18846.0,2.0,2.0,False,False,0.0,1513.6564548487872,1440.1459301698421,73.5105246789451,0.6042393047592369,3.71,-21.71
2021-11-01,2021,Memphis Grizzlies,Denver Nuggets,106,97,9,FedExForum,35.138333333333,-90.050555555556,18119.0,75.0,75.0,1603.0,-1528.0,18119.0,19155.0,2.0,2.0,False,False,0.0,1473.195035363059,1523.9424208127257,-50.74738544966658,0.4274836056599847,-0.29,9.29
2021-11-01,2021,Atlanta Hawks,Washington Wizards,118,111,7,State Farm Arena,33.757222222222,-84.396388888889,19445.0,331.0,331.0,19.0,312.0,19445.0,20674.0,2.0,2.0,False,False,0.0,1497.1139849533374,1528.9176731961802,-31.80368824284278,0.4543582239570275,0.32,6.68
2021-11-01,2021,Indiana Pacers,San Antonio Spurs,131,118,13,Gainbridge Fieldhouse,39.763888888889,-86.155555555556,18165.0,224.0,224.0,197.0,27.0,18165.0,18581.0,2.0,2.0,False,False,0.0,1465.3061830554882,1454.9567179461615,10.34946510932673,0.5148896737724061,1.67,11.33
2021-11-01,2021,Philadelphia 76ers,Portland Trail Blazers,113,103,10,Xfinity Mobile Arena,39.90115,-75.17197,20328.0,19.0,19.0,33.0,-14.0,20328.0,20636.0,2.0,1.0,False,True,1.0,1534.9215116371115,1496.824964119223,38.09654751788844,0.5546066639816146,2.57,7.43
2021-11-01,2021,New York Knicks,Toronto Raptors,104,113,-9,Madison Square Garden,40.750555555556,-73.993611111111,20789.0,22.0,22.0,79.0,-57.0,20789.0,19800.0,2.0,2.0,False,False,0.0,1537.448114228583,1518.3070469797533,19.141067248829813,0.5275183746759461,1.96,-10.96
2021-11-02,2021,Los Angeles Lakers,Houston Rockets,119,117,2,Crypto.com Arena,34.043055555556,-118.26722222222,19060.0,88.0,88.0,23.0,65.0,19060.0,18023.0,0.0,0.0,True,True,0.0,1582.5816444402149,1415.2427654777034,167.33887896251144,0.7237780390133509,6.73,-4.73
2021-11-02,2021,Los Angeles Lakers,Houston Rockets,119,117,2,Crypto.com Arena,34.043055555556,-118.26722222222,19060.0,88.0,88.0,23.0,65.0,19060.0,18023.0,0.0,2.0,True,False,-2.0,1584.9358221996279,1412.8885877182904,172.04723448133745,0.7291636628447539,6.89,-4.89
2021-11-02,2021,Los Angeles Lakers,Houston Rockets,119,117,2,Crypto.com Arena,34.043055555556,-118.26722222222,19060.0,88.0,88.0,23.0,65.0,19060.0,18023.0,2.0,0.0,False,True,2.0,1587.2364568597075,1410.5879530582108,176.64850380149664,0.7343625683474627,7.03,-5.03
2021-11-02,2021,Los Angeles Lakers,Houston Rockets,119,117,2,Crypto.com Arena,34.043055555556,-118.26722222222,19060.0,88.0,88.0,23.0,65.0,19060.0,18023.0,2.0,2.0,False,False,0.0,1589.4856514798296,1408.3387584380887,181.1468930417409,0.7393832275573021,7.18,-5.18
2021-11-02,2021,Los Angeles Lakers,Houston Rockets,119,117,2,Crypto.com Arena,34.043055555556,-118.26722222222,19060.0,88.0,88.0,23.0,65.0,19060.0,18023.0,0.0,0.0,True,True,0.0,1591.685399313754,1406.1390106041642,185.5463887095898,0.7442336829174119,7.32,-5.32
2021-11-02,2021,Los Angeles Lakers,Houston Rockets,119,117,2,Crypto.com Arena,34.043055555556,-118.26722222222,19060.0,88.0,88.0,23.0,65.0,19060.0,18023.0,0.0,2.0,True,False,-2.0,1593.837590594755,1403.9868193231632,189.85077127159184,0.748921567163883,7.46,-5.46
2021-11-02,2021,Los Angeles Lakers,Houston Rockets,119,117,2,Crypto.com Arena,34.043055555556,-118.26722222222,19060.0,88.0,88.0,23.0,65.0,19060.0,18023.0,2.0,2.0,False,False,0.0,1595.9440188642507,1401.8803910536676,194.06362781058306,0.7534541229940415,7.6,-5.6
2021-11-02,2021,Phoenix Suns,New Orleans Pelicans,112,100,12,Mortgage Matchup Center,33.445833333333,-112.07138888889,19023.0,331.0,331.0,6.0,325.0,19023.0,18500.0,3.0,3.0,False,False,0.0,1523.948002868812,1458.2352361077924,65.71276676101957,0.5934565265141418,3.46,8.54
2021-11-02,2021,Utah Jazz,Sacramento Kings,119,113,6,Delta Center,40.768333,-111.901111,19911.0,1318.0,1318.0,12.0,1306.0,19911.0,18500.0,2.0,2.0,False,False,0.0,1555.4714336156767,1491.795440994605,63.6759926210716,0.5906247066200118,3.39,2.61
2021-11-02,2021,Detroit Pistons,Milwaukee Bucks,89,117,-28,Little Caesars Arena,42.3412,-83.0549,20332.0,184.0,184.0,183.0,1.0,20332.0,17341.0,2.0,2.0,False,False,0.0,1448.7348623852217,1483.0139101252712,-34.279047740049464,0.4508279347589166,0.24,-28.24
2021-11-02,2021,Dallas Mavericks,Miami Heat,110,125,-15,American Airlines Center,32.790555555556,-96.810277777778,19200.0,134.0,134.0,12.0,122.0,19200.0,16500.0,2.0,3.0,False,False,-1.0,1491.3582463231605,1568.0338804340133,-76.6756341108528,0.3914120895596267,-1.13,-13.87
2021-11-02,2021,Los Angeles Lakers,Houston Rockets,119,117,2,Crypto.com Arena,34.043055555556,-118.26722222222,19060.0,88.0,88.0,23.0,65.0,19060.0,18023.0,2.0,0.0,False,True,2.0,1598.006386874175,1399.8180230437433,198.18836383043163,0.7578382223521343,7.73,-5.73
2021-11-03,2021,Minnesota Timberwolves,LA Clippers,115,126,-11,Target Center,44.979444444444,-93.276111111111,19356.0,272.0,272.0,88.0,184.0,19356.0,19060.0,2.0,2.0,False,False,0.0,1496.2730136109462,1431.3059215250062,64.96709208594007,0.5924204911424823,3.43,-14.43
2021-11-03,2021,Sacramento Kings,New Orleans Pelicans,112,99,13,Golden 1 Center,38.58,-121.5,18500.0,12.0,12.0,6.0,6.0,18500.0,18500.0,1.0,1.0,True,True,0.0,1485.7711475520352,1449.246520146646,36.52462740538931,0.5523703815698402,2.52,10.48
2021-11-03,2021,Golden State Warriors,Charlotte Hornets,114,92,22,Chase Center,37.767833333333,-122.38738888889,18000.0,-1.0,-1.0,223.0,-224.0,18000.0,19077.0,4.0,2.0,False,False,2.0,1602.1789900690414,1515.8799774124714,86.29901265657008,0.6217016276416806,4.12,17.88
2021-11-03,2021,San Antonio Spurs,Dallas Mavericks,108,109,-1,Frost Bank Center,29.426944444444,-98.4375,18581.0,197.0,197.0,134.0,63.0,18581.0,19200.0,2.0,1.0,False,True,1.0,1443.1664338668936,1481.4278579920538,-38.26142412516015,0.4451589018025128,0.11,-1.11
2021-11-03,2021,Philadelphia 76ers,Chicago Bulls,103,98,5,Xfinity Mobile Arena,39.90115,-75.17197,20328.0,19.0,19.0,196.0,-177.0,20328.0,23500.0,2.0,2.0,False,False,0.0,1543.8922610584277,1552.990620002702,-9.098358944274196,0.4869094011892954,1.05,3.95
2021-11-03,2021,Minnesota Timberwolves,LA Clippers,115,126,-11,Target Center,44.979444444444,-93.276111111111,19356.0,272.0,272.0,88.0,184.0,19356.0,19060.0,0.0,0.0,True,True,0.0,1483.8708812726957,1443.7080538632567,40.16282740943893,0.5575428700921553,2.64,-13.64
2021-11-03,2021,Minnesota Timberwolves,LA Clippers,115,126,-11,Target Center,44.979444444444,-93.276111111111,19356.0,272.0,272.0,88.0,184.0,19356.0,19060.0,0.0,2.0,True,False,-2.0,1471.9744988806203,1455.604436255332,16.370062625288256,0.5235409961339178,1.87,-12.87
2021-11-03,2021,Minnesota Timberwolves,LA Clippers,115,126,-11,Target Center,44.979444444444,-93.276111111111,19356.0,272.0,272.0,88.0,184.0,19356.0,19060.0,2.0,0.0,False,True,2.0,1460.5937396995394,1466.985195436413,-6.391455736873695,0.4908029932593021,1.13,-12.13
2021-11-03,2021,Minnesota Timberwolves,LA Clippers,115,126,-11,Target Center,44.979444444444,-93.276111111111,19356.0,272.0,272.0,88.0,184.0,19356.0,19060.0,0.0,0.0,True,True,0.0,1449.8399038674065,1477.739031268546,-27.899127401139367,0.4599360036096097,0.44,-11.44
2021-11-03,2021,Minnesota Timberwolves,LA Clippers,115,126,-11,Target Center,44.979444444444,-93.276111111111,19356.0,272.0,272.0,88.0,184.0,19356.0,19060.0,0.0,2.0,True,False,-2.0,1439.9319949033604,1487.646940232592,-47.71494532923157,0.43176114865081905,-0.2,-10.8
2021-11-03,2021,Minnesota Timberwolves,LA Clippers,115,126,-11,Target Center,44.979444444444,-93.276111111111,19356.0,272.0,272.0,88.0,184.0,19356.0,19060.0,2.0,0.0,False,True,2.0,1430.773050389914,1496.8058847460384,-66.03283435612434,0.4060990280911666,-0.79,-10.21
2021-11-03,2021,Minnesota Timberwolves,LA Clippers,115,126,-11,Target Center,44.979444444444,-93.276111111111,19356.0,272.0,272.0,88.0,184.0,19356.0,19060.0,2.0,2.0,False,False,0.0,1422.2783826006423,1505.30055253531,-83.02216993466777,0.3827448181677797,-1.34,-9.66
2021-11-03,2021,Memphis Grizzlies,Denver Nuggets,108,106,2,FedExForum,35.138333333333,-90.050555555556,18119.0,75.0,75.0,1603.0,-1528.0,18119.0,19155.0,2.0,2.0,False,False,0.0,1483.9057563950396,1513.2316997807452,-29.325943385705614,0.45789651647745117,0.4,1.6
2021-11-03,2021,Cleveland Cavaliers,Portland Trail Blazers,107,104,3,Rocket Arena,41.496388888889,-81.688055555556,20562.0,208.0,208.0,33.0,175.0,20562.0,20636.0,2.0,2.0,False,False,0.0,1482.5200446852211,1487.8542146979069,-5.334170012685718,0.49232411537295023,1.17,1.83
2021-11-03,2021,Washington Wizards,Toronto Raptors,100,109,-9,Capital One Arena,38.898055555556,-77.020833333333,20674.0,19.0,19.0,79.0,-60.0,20674.0,19800.0,2.0,2.0,False,False,0.0,1519.964750342045,1528.4217104203426,-8.456960078297698,0.48783185918625616,1.07,-10.07
2021-11-03,2021,Orlando Magic,Boston Celtics,79,92,-13,Kia Center,28.539167,-81.383611,18846.0,33.0,33.0,9.0,24.0,18846.0,18624.0,2.0,2.0,False,False,0.0,1457.5293714076831,1469.3813093935285,-11.851937985845325,0.48295030306779463,0.96,-13.96
2021-11-03,2021,Indiana Pacers,New York Knicks,111,98,13,Gainbridge Fieldhouse,39.763888888889,-86.155555555556,18165.0,224.0,224.0,22.0,202.0,18165.0,20789.0,2.0,2.0,False,False,0.0,1477.096467134756,1527.3334507879938,-50.23698365323776,0.4282028351921233,-0.28,13.28
2021-11-03,2021,Brooklyn Nets,Atlanta Hawks,117,108,9,Barclays Center,40.68265,-73.974689,17732.0,14.0,14.0,331.0,-317.0,17732.0,19445.0,3.0,2.0,False,False,1.0,1506.5661672650397,1506.0669078074727,0.49925945756695,0.5007184916207879,1.36,7.64
2021-11-04,2021,Phoenix Suns,Houston Rockets,123,111,12,Mortgage Matchup Center,33.445833333333,-112.07138888889,19023.0,331.0,331.0,23.0,308.0,19023.0,18023.0,2.0,2.0,False,False,0.0,1532.9367188299584,1397.7980978261082,135.13862100385018,0.6852317472143816,5.7,6.3
2021-11-04,2021,Los Angeles Lakers,Oklahoma City Thunder,104,107,-3,Crypto.com Arena,34.043055555556,-118.26722222222,19060.0,88.0,88.0,366.0,-278.0,19060.0,18203.0,0.0,0.0,True,True,0.0,1600.02631209181,1436.0255095642663,164.00080252754378,0.7199199374463413,6.63,-9.63
2021-11-04,2021,Los Angeles Lakers,Oklahoma City Thunder,104,107,-3,Crypto.com Arena,34.043055555556,-118.26722222222,19060.0,88.0,88.0,366.0,-278.0,19060.0,18203.0,0.0,3.0,True,False,-3.0,1592.9103391060444,1443.141482550032,149.76885655601245,0.7031073257956012,6.17,-9.17
2021-11-04,2021,Los Angeles Lakers,Oklahoma City Thunder,104,107,-3,Crypto.com Arena,34.043055555556,-118.26722222222,19060.0,88.0,88.0,366.0,-278.0,19060.0,18203.0,2.0,0.0,False,True,2.0,1585.8898876311937,1450.1619340248826,135.72795360631108,0.6859630063852394,5.72,-8.72
2021-11-04,2021,Los Angeles Lakers,Oklahoma City Thunder,104,107,-3,Crypto.com Arena,34.043055555556,-118.26722222222,19060.0,88.0,88.0,366.0,-278.0,19060.0,18203.0,2.0,3.0,False,False,-1.0,1578.971220080488,1457.0806015755884,121.89061850489952,0.6685554474549832,5.27,-8.27
2021-11-04,2021,Los Angeles Lakers,Oklahoma City Thunder,104,107,-3,Crypto.com Arena,34.043055555556,-118.26722222222,19060.0,88.0,88.0,366.0,-278.0,19060.0,18203.0,0.0,0.0,True,True,0.0,1572.1601132650892,1463.891708390987,108.26840487410209,0.6509557670889504,4.83,-7.83
2021-11-04,2021,Los Angeles Lakers,Oklahoma City Thunder,104,107,-3,Crypto.com Arena,34.043055555556,-118.26722222222,19060.0,88.0,88.0,366.0,-278.0,19060.0,18203.0,0.0,3.0,True,False,-3.0,1565.4617973574218,1470.5900242986545,94.8717730587673,0.6332362868146644,4.4,-7.4
2021-11-04,2021,Los Angeles Lakers,Oklahoma City Thunder,104,107,-3,Crypto.com Arena,34.043055555556,-118.26722222222,19060.0,88.0,88.0,366.0,-278.0,19060.0,18203.0,2.0,0.0,False,True,2.0,1558.880906915951,1477.1709147401252,81.70999217582585,0.6154690842333302,3.97,-6.97
2021-11-04,2021,Los Angeles Lakers,Oklahoma City Thunder,104,107,-3,Crypto.com Arena,34.043055555556,-118.26722222222,19060.0,88.0,88.0,366.0,-278.0,19060.0,18203.0,2.0,3.0,False,False,-1.0,1552.4214451809673,1483.630376475109,68.79106870585838,0.5977246094419322,3.56,-6.56
2021-11-04,2021,Miami Heat,Boston Celtics,78,95,-17,Kaseya Center,25.781388888889,-80.188055555556,16500.0,12.0,12.0,9.0,3.0,16500.0,18624.0,2.0,1.0,False,True,1.0,1577.96426876512,1481.1051194957881,96.85914926933197,0.6358891920501981,4.46,-21.46
2021-11-04,2021,Atlanta Hawks,Utah Jazz,98,116,-18,State Farm Arena,33.757222222222,-84.396388888889,19445.0,331.0,331.0,1318.0,-987.0,19445.0,19911.0,1.0,2.0,True,False,-1.0,1496.3509463155378,1561.4957270582465,-65.14478074270869,0.4073325544827155,-0.76,-17.24
2021-11-04,2021,Detroit Pistons,Philadelphia 76ers,98,109,-11,Little Caesars Arena,42.3412,-83.0549,20332.0,184.0,184.0,19.0,165.0,20332.0,20328.0,2.0,1.0,False,True,1.0,1430.4824815599345,1551.061699403092,-120.5792178431575,0.33311945804757837,-2.55,-8.45
2021-11-05,2021,Sacramento Kings,Charlotte Hornets,140,110,30,Golden 1 Center,38.58,-121.5,18500.0,12.0,12.0,223.0,-211.0,18500.0,19077.0,2.0,2.0,False,False,0.0,1496.4291408337895,1503.4874017994166,-7.058260965627142,0.4898437431125237,1.11,28.89
2021-11-05,2021,Portland Trail Blazers,Indiana Pacers,110,106,4,Moda Center,45.531666666667,-122.66666666667,20636.0,33.0,33.0,224.0,-191.0,20636.0,18165.0,2.0,2.0,False,False,0.0,1482.2018922454695,1490.5672927532537,-8.365400507784216,0.48796354680331216,1.07,2.93
2021-11-05,2021,Golden State Warriors,New Orleans Pelicans,126,85,41,Chase Center,37.767833333333,-122.38738888889,18000.0,-1.0,-1.0,6.0,-7.0,18000.0,18500.0,2.0,2.0,False,False,0.0,1614.5715656820962,1438.5885268648917,175.9830388172045,0.7336146223296051,7.01,33.99
2021-11-05,2021,Minnesota Timberwolves,LA Clippers,84,104,-20,Target Center,44.979444444444,-93.276111111111,19356.0,272.0,272.0,88.0,184.0,19356.0,19060.0,0.0,0.0,True,True,0.0,1414.3742699524719,1513.2046651834805,-98.83039523100865,0.3614875698389651,-1.84,-18.16
2021-11-05,2021,Minnesota Timberwolves,LA Clippers,84,104,-20,Target Center,44.979444444444,-93.276111111111,19356.0,272.0,272.0,88.0,184.0,19356.0,19060.0,0.0,2.0,True,False,-2.0,1403.399459245988,1524.1794758899644,-120.7800166439763,0.33286272543188955,-2.55,-17.45
2021-11-05,2021,Minnesota Timberwolves,LA Clippers,84,104,-20,Target Center,44.979444444444,-93.276111111111,19356.0,272.0,272.0,88.0,184.0,19356.0,19060.0,2.0,0.0,False,True,2.0,1393.455521098541,1534.1234140374113,-140.66789293887018,0.3079438818447094,-3.19,-16.81
2021-11-05,2021,Minnesota Timberwolves,LA Clippers,84,104,-20,Target Center,44.979444444444,-93.276111111111,19356.0,272.0,272.0,88.0,184.0,19356.0,19060.0,2.0,2.0,False,False,0.0,1384.3875700678357,1543.1913650681167,-158.80379500028107,0.28615175255958764,-3.78,-16.22
2021-11-05,2021,Minnesota Timberwolves,LA Clippers,84,104,-20,Target Center,44.979444444444,-93.276111111111,19356.0,272.0,272.0,88.0,184.0,19356.0,19060.0,0.0,0.0,True,True,0.0,1376.0697999887936,1551.5091351471588,-175.4393351583651,0.26699746532225566,-4.31,-15.69
2021-11-05,2021,Milwaukee Bucks,New York Knicks,98,113,-15,Fiserv Forum,43.0451,-87.9182,17341.0,183.0,183.0,22.0,161.0,17341.0,20789.0,3.0,2.0,False,False,1.0,1501.2662909505584,1513.8626251694961,-12.596334218937727,0.48188035622309305,0.93,-15.93
2021-11-05,2021,Minnesota Timberwolves,LA Clippers,84,104,-20,Target Center,44.979444444444,-93.276111111111,19356.0,272.0,272.0,88.0,184.0,19356.0,19060.0,2.0,0.0,False,True,2.0,1368.3993752407393,1559.179559895213,-190.78018465447371,0.25007374455084913,-4.81,-15.19
2021-11-05,2021,Minnesota Timberwolves,LA Clippers,84,104,-20,Target Center,44.979444444444,-93.276111111111,19356.0,272.0,272.0,88.0,184.0,19356.0,19060.0,2.0,2.0,False,False,0.0,1361.2916376732494,1566.287297462703,-204.9956597894536,0.23504322853533333,-5.27,-14.73
2021-11-05,2021,Detroit Pistons,Brooklyn Nets,90,96,-6,Little Caesars Arena,42.3412,-83.0549,20332.0,184.0,184.0,14.0,170.0,20332.0,17732.0,1.0,2.0,True,False,-1.0,1423.7916972038806,1516.2821287569745,-92.49043155309391,0.3699531694287307,-1.64,-4.36
2021-11-05,2021,Washington Wizards,Memphis Grizzlies,115,87,28,Capital One Arena,38.898055555556,-77.020833333333,20674.0,19.0,19.0,75.0,-56.0,20674.0,18119.0,2.0,2.0,False,False,0.0,1510.531626528262,1489.0244099914557,21.507216536806254,0.530911898419821,2.03,25.97
2021-11-05,2021,Orlando Magic,San Antonio Spurs,89,102,-13,Kia Center,28.539167,-81.383611,18846.0,33.0,33.0,197.0,-164.0,18846.0,18581.0,2.0,2.0,False,False,0.0,1445.8055613054235,1439.6747268289898,6.13083447643362,0.5088220643934654,1.54,-14.54
2021-11-05,2021,Toronto Raptors,Cleveland Cavaliers,101,102,-1,Scotiabank Arena,43.643333333333,-79.379166666667,19800.0,79.0,79.0,208.0,-129.0,19800.0,20562.0,2.0,2.0,False,False,0.0,1537.8548342341255,1488.1723671376585,49.68246709646701,0.5710154273436789,2.94,-3.94
2021-11-05,2021,Minnesota Timberwolves,LA Clippers,84,104,-20,Target Center,44.979444444444,-93.276111111111,19356.0,272.0,272.0,88.0,184.0,19356.0,19060.0,0.0,2.0,True,False,-2.0,1354.6763755069708,1572.9025596289816,-218.22618412201086,0.22162685491637077,-5.69,-14.31
2021-11-06,2021,Phoenix Suns,Atlanta Hawks,121,117,4,Mortgage Matchup Center,33.445833333333,-112.07138888889,19023.0,331.0,331.0,331.0,0.0,19023.0,19445.0,2.0,2.0,False,False,0.0,1539.547449096711,1484.5577986614057,54.98965043530529,0.5784822251532172,3.11,0.89
2021-11-06,2021,Miami Heat,Utah Jazz,118,115,3,Kaseya Center,25.781388888889,-80.188055555556,16500.0,12.0,12.0,1318.0,-1306.0,16500.0,19911.0,2.0,2.0,False,False,0.0,1560.675582053271,1573.2888747123786,-12.613292659107628,0.48185598315996536,0.93,2.07
2021-11-06,2021,Dallas Mavericks,Boston Celtics,107,104,3,American Airlines Center,32.790555555556,-96.810277777778,19200.0,134.0,134.0,9.0,125.0,19200.0,18624.0,3.0,2.0,False,False,1.0,1484.9195650299575,1498.3938062076372,-13.474241177679687,0.4806187239815616,0.91,2.09
2021-11-06,2021,Portland Trail Blazers,Los Angeles Lakers,105,90,15,Moda Center,45.531666666667,-122.66666666667,20636.0,33.0,33.0,88.0,-55.0,20636.0,19060.0,0.0,0.0,True,True,0.0,1488.6354512637392,1546.0867622043065,-57.45131094056728,0.41806633916126884,-0.51,15.51
2021-11-06,2021,Portland Trail Blazers,Los Angeles Lakers,105,90,15,Moda Center,45.531666666667,-122.66666666667,20636.0,33.0,33.0,88.0,-55.0,20636.0,19060.0,0.0,2.0,True,False,-2.0,1503.616585772297,1531.1056276957488,-27.48904192345185,0.4605224301196481,0.45,14.55
2021-11-06,2021,Portland Trail Blazers,Los Angeles Lakers,105,90,15,Moda Center,45.531666666667,-122.66666666667,20636.0,33.0,33.0,88.0,-55.0,20636.0,19060.0,1.0,0.0,True,True,1.0,1517.8304760410247,1516.891737427021,0.9387386140035687,0.501350950174318,1.37,13.63
2021-11-06,2021,Portland Trail Blazers,Los Angeles Lakers,105,90,15,Moda Center,45.531666666667,-122.66666666667,20636.0,33.0,33.0,88.0,-55.0,20636.0,19060.0,1.0,2.0,True,False,-1.0,1531.247484803028,1503.4747286650177,27.772756138010436,0.5398832959149162,2.24,12.76
2021-11-06,2021,Portland Trail Blazers,Los Angeles Lakers,105,90,15,Moda Center,45.531666666667,-122.66666666667,20636.0,33.0,33.0,88.0,-55.0,20636.0,19060.0,0.0,0.0,True,True,0.0,1543.3677221732694,1491.3544912947764,52.013230878493005,0.5742988240805293,3.02,11.98
2021-11-06,2021,Portland Trail Blazers,Los Angeles Lakers,105,90,15,Moda Center,45.531666666667,-122.66666666667,20636.0,33.0,33.0,88.0,-55.0,20636.0,19060.0,0.0,2.0,True,False,-2.0,1554.3726247368884,1480.3495887311574,74.023036005731,0.6049445934884319,3.73,11.27
2021-11-06,2021,Portland Trail Blazers,Los Angeles Lakers,105,90,15,Moda Center,45.531666666667,-122.66666666667,20636.0,33.0,33.0,88.0,-55.0,20636.0,19060.0,1.0,0.0,True,True,1.0,1564.4155265751176,1470.3066868929282,94.10883968218945,0.6322157046638837,4.37,10.63
2021-11-06,2021,Portland Trail Blazers,Los Angeles Lakers,105,90,15,Moda Center,45.531666666667,-122.66666666667,20636.0,33.0,33.0,88.0,-55.0,20636.0,19060.0,1.0,2.0,True,False,-1.0,1573.6254388318712,1461.0967746361746,112.52866419569659,0.6565070988809859,4.97,10.03
2021-11-06,2021,Chicago Bulls,Philadelphia 76ers,105,114,-9,United Center,41.880555555556,-87.674166666667,23500.0,196.0,196.0,19.0,177.0,23500.0,20328.0,3.0,2.0,False,False,1.0,1545.8211816580376,1557.752483759146,-11.931302101108258,0.4828362226200562,0.96,-9.96
2021-11-06,2021,Denver Nuggets,Houston Rockets,95,94,1,Ball Arena,39.748611111111,-105.0075,19155.0,1603.0,1603.0,23.0,1580.0,19155.0,18023.0,3.0,2.0,False,False,1.0,1508.113046184329,1391.1873675593556,116.92567862497344,0.6621921015844853,5.11,-4.11
2021-11-07,2021,New York Knicks,Cleveland Cavaliers,109,126,-17,Madison Square Garden,40.750555555556,-73.993611111111,20789.0,22.0,22.0,208.0,-186.0,20789.0,20562.0,2.0,2.0,False,False,0.0,1526.708729593403,1492.6119004589082,34.09682913449478,0.5489123544270554,2.44,-19.44
2021-11-07,2021,Sacramento Kings,Indiana Pacers,91,94,-3,Golden 1 Center,38.58,-121.5,18500.0,12.0,12.0,224.0,-212.0,18500.0,18165.0,2.0,2.0,False,False,0.0,1518.6130310964286,1484.133733734984,34.47929736144465,0.5494574442288999,2.45,-5.45
2021-11-07,2021,Toronto Raptors,Brooklyn Nets,103,116,-13,Scotiabank Arena,43.643333333333,-79.379166666667,19800.0,79.0,79.0,14.0,65.0,19800.0,17732.0,2.0,2.0,False,False,0.0,1533.4153009128759,1521.6094428874585,11.805858025417365,0.5169834593475995,1.72,-14.72
2021-11-07,2021,LA Clippers,Charlotte Hornets,120,106,14,Crypto.com Arena,34.043056,-118.267222,19060.0,88.0,88.0,223.0,-135.0,19060.0,19077.0,0.0,0.0,True,True,0.0,1579.0840106525172,1481.3035115367775,97.78049911573976,0.6371162960472511,4.49,9.51
2021-11-07,2021,LA Clippers,Charlotte Hornets,120,106,14,Crypto.com Arena,34.043056,-118.267222,19060.0,88.0,88.0,223.0,-135.0,19060.0,19077.0,0.0,2.0,True,False,-2.0,1587.7413846581971,1472.6461375310976,115.09524712709958,0.6598310700496228,5.05,8.95
2021-11-07,2021,LA Clippers,Charlotte Hornets,120,106,14,Crypto.com Arena,34.043056,-118.267222,19060.0,88.0,88.0,223.0,-135.0,19060.0,19077.0,2.0,0.0,False,True,2.0,1595.7539128705741,1464.6336093187206,131.12030355185357,0.6802213323061923,5.57,8.43
2021-11-07,2021,LA Clippers,Charlotte Hornets,120,106,14,Crypto.com Arena,34.043056,-118.267222,19060.0,88.0,88.0,223.0,-135.0,19060.0,19077.0,2.0,2.0,False,False,0.0,1603.1987613178696,1457.188760871425,146.01000044644456,0.6985707484616207,6.05,7.95
2021-11-07,2021,Golden State Warriors,Houston Rockets,120,107,13,Chase Center,37.767833333333,-122.38738888889,18000.0,-1.0,-1.0,23.0,-24.0,18000.0,18023.0,2.0,1.0,False,True,1.0,1627.4255246313792,1388.690177278357,238.73534735302223,0.7980693424501705,9.04,3.96
2021-11-07,2021,LA Clippers,Charlotte Hornets,120,106,14,Crypto.com Arena,34.043056,-118.267222,19060.0,88.0,88.0,223.0,-135.0,19060.0,19077.0,0.0,2.0,True,False,-2.0,1610.1415628103412,1450.2459593789536,159.8956034313876,0.7151303409739216,6.49,7.51
2021-11-07,2021,LA Clippers,Charlotte Hornets,120,106,14,Crypto.com Arena,34.043056,-118.267222,19060.0,88.0,88.0,223.0,-135.0,19060.0,19077.0,2.0,0.0,False,True,2.0,1616.638327272819,1443.7491949164757,172.88913235634323,0.7301196766150235,6.91,7.09
2021-11-07,2021,LA Clippers,Charlotte Hornets,120,106,14,Crypto.com Arena,34.043056,-118.267222,19060.0,88.0,88.0,223.0,-135.0,19060.0,19077.0,2.0,2.0,False,False,0.0,1622.7370381042463,1437.6504840850484,185.08655401919782,0.7437294970064301,7.31,6.69
2021-11-07,2021,Orlando Magic,Utah Jazz,107,100,7,Kia Center,28.539167,-81.383611,18846.0,33.0,33.0,1318.0,-1285.0,18846.0,19911.0,2.0,1.0,False,True,1.0,1433.3974468571948,1567.5532612430404,-134.1558143858456,0.3159897890522409,-2.98,9.98
2021-11-07,2021,Washington Wizards,Milwaukee Bucks,101,94,7,Capital One Arena,38.898055555556,-77.020833333333,20674.0,19.0,19.0,183.0,-164.0,20674.0,17341.0,2.0,2.0,False,False,0.0,1529.7140594480431,1488.4201865266516,41.29387292139154,0.5591484097237149,2.67,4.33
2021-11-07,2021,Oklahoma City Thunder,San Antonio Spurs,99,94,5,Paycom Center,35.463333,-97.515,18203.0,366.0,366.0,197.0,169.0,18203.0,18581.0,3.0,2.0,False,False,1.0,1489.9650594517698,1452.0828412772184,37.882218174551326,0.5543018777568249,2.56,2.44
2021-11-07,2021,LA Clippers,Charlotte Hornets,120,106,14,Crypto.com Arena,34.043056,-118.267222,19060.0,88.0,88.0,223.0,-135.0,19060.0,19077.0,0.0,0.0,True,True,0.0,1628.4789749083814,1431.9085472809134,196.570427627468,0.7561248955304563,7.68,6.32
2021-11-08,2021,Los Angeles Lakers,Charlotte Hornets,126,123,3,Crypto.com Arena,34.043055555556,-118.26722222222,19060.0,88.0,88.0,223.0,-135.0,19060.0,19077.0,0.0,1.0,True,True,-1.0,1452.6114420785168,1426.4877175243266,26.123724554190176,0.5375243729814444,2.18,0.82
2021-11-08,2021,Los Angeles Lakers,Charlotte Hornets,126,123,3,Crypto.com Arena,34.043055555556,-118.26722222222,19060.0,88.0,88.0,223.0,-135.0,19060.0,19077.0,0.0,1.0,True,True,-1.0,1457.6766329171928,1421.4225266856506,36.25410623154221,0.5519853099686572,2.51,0.49
2021-11-08,2021,Los Angeles Lakers,Charlotte Hornets,126,123,3,Crypto.com Arena,34.043055555556,-118.26722222222,19060.0,88.0,88.0,223.0,-135.0,19060.0,19077.0,0.0,0.0,True,True,0.0,1462.5447972011416,1416.5543624017018,45.990434799439754,0.5658016760976816,2.82,0.18
2021-11-08,2021,Los Angeles Lakers,Charlotte Hornets,126,123,3,Crypto.com Arena,34.043055555556,-118.26722222222,19060.0,88.0,88.0,223.0,-135.0,19060.0,19077.0,2.0,0.0,False,True,2.0,1467.2273867561341,1411.8717728467093,55.35561390942485,0.5789958279646966,3.12,-0.12
2021-11-08,2021,Los Angeles Lakers,Charlotte Hornets,126,123,3,Crypto.com Arena,34.043055555556,-118.26722222222,19060.0,88.0,88.0,223.0,-135.0,19060.0,19077.0,2.0,1.0,False,True,1.0,1471.73511061926,1407.3640489835834,64.3710616356766,0.5915917786840892,3.42,-0.42
2021-11-08,2021,Los Angeles Lakers,Charlotte Hornets,126,123,3,Crypto.com Arena,34.043055555556,-118.26722222222,19060.0,88.0,88.0,223.0,-135.0,19060.0,19077.0,0.0,0.0,True,True,0.0,1476.0779746538599,1403.0211849489835,73.05678970487634,0.6036145384565174,3.7,-0.7
2021-11-08,2021,Los Angeles Lakers,Charlotte Hornets,126,123,3,Crypto.com Arena,34.043055555556,-118.26722222222,19060.0,88.0,88.0,223.0,-135.0,19060.0,19077.0,2.0,0.0,False,True,2.0,1480.2653218965306,1398.8338377063128,81.43148419021782,0.6150895847696579,3.97,-0.97
2021-11-08,2021,Dallas Mavericks,New Orleans Pelicans,108,92,16,American Airlines Center,32.790555555556,-96.810277777778,19200.0,134.0,134.0,6.0,128.0,19200.0,18500.0,2.0,3.0,False,False,-1.0,1490.6649567258826,1425.7345679156087,64.93038881027383,0.5923694745538128,3.43,12.57
2021-11-08,2021,Chicago Bulls,Brooklyn Nets,118,95,23,United Center,41.880555555556,-87.674166666667,23500.0,196.0,196.0,14.0,182.0,23500.0,17732.0,2.0,1.0,False,True,1.0,1536.5103629049922,1534.1598796663268,2.350483238665447,0.5033825656869626,1.42,21.58
2021-11-08,2021,Philadelphia 76ers,New York Knicks,96,103,-7,Xfinity Mobile Arena,39.90115,-75.17197,20328.0,19.0,19.0,22.0,-3.0,20328.0,20789.0,2.0,1.0,False,True,1.0,1567.0633025121913,1511.055355158671,56.007947353520194,0.57991090542018,3.15,-10.15
2021-11-08,2021,Sacramento Kings,Phoenix Suns,104,109,-5,Golden 1 Center,38.58,-121.5,18500.0,12.0,12.0,331.0,-319.0,18500.0,19023.0,1.0,2.0,True,False,-1.0,1512.6343319702248,1544.6544508018774,-32.02011883165255,0.4540493682758354,0.31,-5.31
2021-11-08,2021,Denver Nuggets,Miami Heat,113,96,17,Ball Arena,39.748611111111,-105.0075,19155.0,1603.0,1603.0,12.0,1591.0,19155.0,16500.0,2.0,2.0,False,False,0.0,1510.6102364653277,1566.4111955226092,-55.80095905728149,0.4203793935349454,-0.46,17.46
2021-11-08,2021,Memphis Grizzlies,Minnesota Timberwolves,125,118,7,FedExForum,35.138333333333,-90.050555555556,18119.0,75.0,75.0,272.0,-197.0,18119.0,19356.0,3.0,3.0,False,False,0.0,1469.8419770716746,1348.4949244834352,121.34705258823942,0.6678617262170652,5.25,1.75
2021-11-08,2021,Golden State Warriors,Atlanta Hawks,127,113,14,Chase Center,37.767833333333,-122.38738888889,18000.0,-1.0,-1.0,331.0,-332.0,18000.0,19445.0,1.0,2.0,True,False,-1.0,1631.5804142529787,1479.4507969562394,152.1296172967393,0.7059362743042176,6.24,7.76
2021-11-08,2021,Los Angeles Lakers,Charlotte Hornets,126,123,3,Crypto.com Arena,34.043055555556,-118.26722222222,19060.0,88.0,88.0,223.0,-135.0,19060.0,19077.0,2.0,1.0,False,True,1.0,1484.3058728321905,1394.793286770653,89.5125860615376,0.6260424438540171,4.23,-1.23
2021-11-09,2021,LA Clippers,Portland Trail Blazers,117,109,8,Crypto.com Arena,34.043056,-118.267222,19060.0,88.0,88.0,33.0,55.0,19060.0,20636.0,0.0,0.0,True,True,0.0,1633.899804664968,1582.110771389529,51.789033275439124,0.5739832720165756,3.01,4.99
2021-11-09,2021,LA Clippers,Portland Trail Blazers,117,109,8,Crypto.com Arena,34.043056,-118.267222,19060.0,88.0,88.0,33.0,55.0,19060.0,20636.0,0.0,3.0,True,False,-3.0,1641.3279251132979,1574.6826509411992,66.64527417209865,0.5947509757791223,3.49,4.51
2021-11-09,2021,LA Clippers,Portland Trail Blazers,117,109,8,Crypto.com Arena,34.043056,-118.267222,19060.0,88.0,88.0,33.0,55.0,19060.0,20636.0,2.0,0.0,False,True,2.0,1648.314206705891,1567.6963693486061,80.61783735728477,0.6139800956538296,3.94,4.06
2021-11-09,2021,LA Clippers,Portland Trail Blazers,117,109,8,Crypto.com Arena,34.043056,-118.267222,19060.0,88.0,88.0,33.0,55.0,19060.0,20636.0,0.0,0.0,True,True,0.0,1654.8991077238863,1561.1114683306107,93.78763939327564,0.6317856772488285,4.36,3.64
2021-11-09,2021,LA Clippers,Portland Trail Blazers,117,109,8,Crypto.com Arena,34.043056,-118.267222,19060.0,88.0,88.0,33.0,55.0,19060.0,20636.0,2.0,3.0,False,False,-1.0,1661.1187145143815,1554.8918615401155,106.22685297426597,0.6482808261036705,4.76,3.24
